time_s,time_min,cognitive_state,pupil_mm,rmssd_ms,grip_cv_pct,tremor_rms_um
0,0,Normal,4.02867806945892,36.16308200267156,7.610122627641354,86.87373304022445
0.2,0.0033333333333333335,Normal,4.011324137569422,41.19432872326263,7.5542885024929145,90.02173878757111
0.4,0.006666666666666667,Normal,3.9860121637435775,44.79697786568044,9.215565232909983,86.1922843767673
0.6000000000000001,0.010000000000000002,Normal,4.043372598293964,39.29901554645928,8.34154807924992,84.95433891218504
0.8,0.013333333333333334,Normal,4.050939306645685,40.35870874637643,8.925718674612959,79.94603214682306
1,0.016666666666666666,Normal,4.018017175597166,45.8694420387766,7.70444926896194,81.28690028539225
1.2000000000000002,0.020000000000000004,Normal,4.0862079355801475,40.75471097193155,9.344484160201514,90.63784836584904
1.4000000000000001,0.023333333333333334,Normal,4.003242247979893,39.80683908034252,8.560314449152287,90.3872300586471
1.6,0.02666666666666667,Normal,4.040267469533777,38.30620433086588,7.118351721911569,91.09126542548114
1.8,0.030000000000000002,Normal,3.997696552429456,43.97034940072842,8.004934185482721,89.2938838517504
2,0.03333333333333333,Normal,4.0713125941023245,40.94513211297748,8.75267007796797,95.14833920078144
2.2,0.03666666666666667,Normal,4.015133918053541,42.88514673332184,7.447898996092626,83.57054195587202
2.4000000000000004,0.04000000000000001,Normal,4.04374209481194,41.02522517372956,8.285531288652683,84.66959150819163
2.6,0.043333333333333335,Normal,4.023551696448356,42.09959234542832,9.172608279263745,90.63308647490261
2.8000000000000003,0.04666666666666667,Normal,4.010888754698509,43.68083811301911,8.331174301643701,90.89801010678751
3,0.05,Normal,3.9900547305561886,38.190762445398775,8.297062467264446,81.61178390991826
3.2,0.05333333333333334,Normal,3.997192056632142,37.62694800600709,7.971700318589142,86.61253179793614
3.4000000000000004,0.05666666666666667,Normal,3.9383497897532522,40.725075041367454,8.86887471666589,93.39371279545328
3.6,0.060000000000000005,Normal,3.9681472441617816,39.962428431569755,8.041670720760472,91.64658334501803
3.8000000000000003,0.06333333333333334,Normal,3.9540879714346584,45.33568428564692,9.381739349864965,85.87091790736862
4,0.06666666666666667,Normal,4.01882489232807,41.9460748575183,8.687196970151435,89.46871650570573
4.2,0.07,Normal,4.016663806936387,37.17842226465263,8.449330839268129,90.59029258510517
4.4,0.07333333333333333,Normal,3.982050177466914,37.73909841084138,8.736696798043758,86.34385217241916
4.6000000000000005,0.07666666666666667,Normal,3.988422780781977,41.06885680787602,8.514472734882212,83.50138304527997
4.800000000000001,0.08000000000000002,Normal,3.97678896932104,48.38921603158195,9.14832964589719,89.65416845296737
5,0.08333333333333333,Normal,4.022144218684707,41.35294801554043,8.70280046921868,92.45661210816516
5.2,0.08666666666666667,Normal,4.02850871028911,39.47394233547047,9.924911362065991,96.2622107968208
5.4,0.09000000000000001,Normal,3.989174722673441,41.56896393449077,9.273125299926646,86.71127339378852
5.6000000000000005,0.09333333333333334,Normal,4.026785956391696,39.4493832843229,8.085595525176922,90.43506072616374
5.800000000000001,0.09666666666666668,Normal,4.095505785417189,44.39617762430507,8.457048144306484,91.59203084711604
6,0.1,Normal,4.041265487782474,39.947127871864446,7.618957811774583,99.3834789801116
6.2,0.10333333333333333,Normal,4.011665973281198,38.44002391558043,7.683465581886711,97.04989206813187
6.4,0.10666666666666667,Normal,4.065778885277445,40.80633841761669,8.135901406810932,88.4073009873935
6.6000000000000005,0.11000000000000001,Normal,4.01307654111999,40.324943420975856,8.484398750886223,92.0222108874271
6.800000000000001,0.11333333333333334,Normal,3.9964354486400397,42.21713553710069,8.644322872446667,84.11578950438445
7,0.11666666666666667,Normal,4.0198615167175245,43.92832933537002,9.60205853880152,86.88624946567968
7.2,0.12000000000000001,Normal,4.0299928511922545,42.49320998263499,8.30114614878074,87.56352555447627
7.4,0.12333333333333334,Normal,3.993272903717211,43.974139892370665,8.166860900445615,77.62504578553155
7.6000000000000005,0.12666666666666668,Normal,3.9040992766284126,39.6767407730736,8.671878474832155,87.61253997745769
7.800000000000001,0.13,Normal,3.9528418812629726,39.27427274490294,9.199153094926494,82.48281411080023
8,0.13333333333333333,Normal,3.985295206627697,41.207510097385416,8.19472476840304,83.64215380877667
8.200000000000001,0.1366666666666667,Normal,3.9715261256956027,42.30899622202033,8.181363951877307,87.4816415107601
8.4,0.14,Normal,3.921060666669492,40.48714071811728,7.59139551835322,80.1408324353674
8.6,0.14333333333333334,Normal,3.942845006143451,41.00428482356319,8.034843429343745,90.27224848338341
8.8,0.14666666666666667,Normal,3.8526517386957897,44.094961157867566,8.611728243827821,79.92062882077535
9,0.15,Normal,4.0042210205671775,44.22344413277879,9.214610667908588,94.2800642955408
9.200000000000001,0.15333333333333335,Normal,3.982224181560572,44.247269727163676,9.415245435262223,81.58742574293564
9.4,0.15666666666666668,Normal,3.970931130015507,43.048611370564295,8.392823509738923,81.26633467486447
9.600000000000001,0.16000000000000003,Normal,3.9869480549708483,45.42931041488893,7.272080335921725,83.4336759215175
9.8,0.16333333333333336,Normal,3.963657550393482,43.83699748289307,8.557291074666557,80.20894618348464
10,0.16666666666666666,Normal,3.9885379091667406,41.1375879698908,9.04062749870167,79.48706079729517
10.200000000000001,0.17,Normal,4.060341206073522,45.87484485764101,8.512111017424457,89.04234811467684
10.4,0.17333333333333334,Normal,4.034829937157029,40.852285732825855,8.107790027259739,91.417610362778575
10.600000000000001,0.1766666666666667,Normal,3.9390749914267538,42.85398063045498,8.932370585956656,82.97107715938523
10.8,0.18000000000000002,Normal,4.05997503515413,41.55757047271211,8.46663068618418,91.05172027726223
11,0.18333333333333332,Normal,4.031179371760593,37.91133050735528,8.756971153865734,76.53739247345139
11.200000000000001,0.18666666666666668,Normal,4.039375878086387,42.932830398169905,7.820325444079288,85.343513523061
11.4,0.19,Normal,4.024769453596201,37.31841099809419,9.280209342340948,85.60008350893234
11.600000000000001,0.19333333333333336,Normal,4.061212876221047,45.59780306678006,7.943781134611768,84.78618973930213
11.8,0.19666666666666668,Normal,4.0205031846167865,43.47767581989561,8.761231466208558,86.78377745648656
12,0.2,Normal,4.026712936400649,42.877719948109,9.081734523342895,87.7167119855022
12.200000000000001,0.20333333333333334,Normal,4.003073563653837,41.41815856795813,8.358656442768408,80.14637671247776
12.4,0.20666666666666667,Normal,4.0547330702876545,39.90534586332991,8.341077053478056,100.52316277011992
12.600000000000001,0.21000000000000002,Normal,4.009094324675755,45.77297836263702,9.041006636084756,93.44999640081917
12.8,0.21333333333333335,Normal,3.989305509628243,42.06010598073558,8.336495517699547,84.61072777630137
13,0.21666666666666667,Normal,4.018584382402296,47.277052100276926,8.519946795492228,97.99457938953326
13.200000000000001,0.22000000000000003,Normal,3.9712625298683695,42.98421204293226,8.265682686721183,79.6384463268539
13.4,0.22333333333333333,Normal,3.9235773136628005,48.160406828974345,8.11061034313651,92.55899616597392
13.600000000000001,0.22666666666666668,Normal,3.966078058148908,42.563495158754854,8.434014367125513,84.64007033725044
13.8,0.23,Normal,3.913840085529916,39.15365284985641,8.24891697266707,89.77771735637042
14,0.23333333333333334,Normal,3.980859570830819,46.03444568262062,8.676115185682002,82.84921151411656
14.200000000000001,0.2366666666666667,Normal,3.9891127081312434,45.9936780277832,8.11454027668238,87.25242914731443
14.4,0.24000000000000002,Normal,4.016168636811655,40.21295504639439,8.43660901343461,88.48532977022177
14.600000000000001,0.24333333333333335,Normal,3.9451372077522318,42.199449325088196,8.328268146131531,84.23828968192522
14.8,0.24666666666666667,Normal,3.971923306433662,39.143298590275016,8.803313128395647,86.29711022032964
15,0.25,Normal,3.9874671201170475,41.397942295608566,8.392254480526647,79.29288913744114
15.200000000000001,0.25333333333333335,Normal,4.0281326603133785,36.93984806227616,8.640231143701419,83.6915976607372
15.4,0.25666666666666665,Normal,3.9578180780867496,45.00832448781122,9.596824225900015,89.77393871816408
15.600000000000001,0.26,Normal,4.036746622775828,44.79951902364573,8.317855676495384,84.35619483661067
15.8,0.26333333333333336,Normal,4.032840409640227,37.49573254165151,8.739623461207723,86.63171846164677
16,0.26666666666666666,Normal,4.007670090587777,41.45917662700668,9.695486523221293,91.69571451442133
16.2,0.26999999999999996,Normal,4.007549285144229,42.33847210474578,8.21878205767889,92.64569064133673
16.400000000000002,0.2733333333333334,Normal,4.020092850976182,40.416850923759725,8.457707859021838,90.65057224373638
16.6,0.27666666666666667,Normal,4.00444252345232,41.72341838378256,8.258490846991583,79.62018653871462
16.8,0.28,Normal,4.019098571437204,41.70566688764157,8.060619428139388,87.99881568796633
17,0.2833333333333333,Normal,4.01693015292715,42.78063501204548,8.86504949924914,94.8635840585978
17.2,0.2866666666666667,Normal,3.9766782602528554,39.00055974777955,7.874531139284079,83.46041562791953
17.400000000000002,0.29000000000000004,Normal,4.006797620550327,40.862494914917455,8.062249599109286,91.07337851548469
17.6,0.29333333333333333,Normal,4.011776593345408,40.16259896815649,8.632836801806349,84.25349694640693
17.8,0.2966666666666667,Normal,4.012701342145464,40.89876617529529,7.958064705330281,86.41622559214063
18,0.3,Normal,3.9517197895799447,39.84828077391092,8.227170524323043,96.30410762040445
18.2,0.30333333333333334,Normal,3.983705729351735,42.71061436388388,7.749134573676752,84.6959339137246
18.400000000000002,0.3066666666666667,Normal,3.982813239009596,38.44836006162984,8.407016021366612,85.1608497654102
18.6,0.31,Normal,3.938329392034575,43.101523148789674,8.717905263101903,90.88608348403261
18.8,0.31333333333333335,Normal,3.978023347348592,43.83775558507184,7.960940468902997,80.66707298382366
19,0.31666666666666665,Normal,3.9223365385325812,37.012846951929625,8.82696825874836,88.77424070556121
19.200000000000003,0.32000000000000006,Normal,3.912009715563767,46.41233667746653,8.752769764625693,90.30529328312154
19.400000000000002,0.32333333333333336,Normal,3.930367803916633,44.86886820163056,8.134351491817341,93.77088781280011
19.6,0.3266666666666667,Normal,3.9933537442385862,46.27158435136746,8.211595982895256,86.74283547031973
19.8,0.33,Normal,3.985399531436198,42.61086027770623,8.124741427449257,90.88129310112365
20,0.3333333333333333,Normal,3.989683497746537,48.819303148917506,8.925360325924055,90.4716681235701
20.200000000000003,0.3366666666666667,Normal,3.9995352556078996,44.49816185691427,8.733744211745114,90.34504809007272
20.400000000000002,0.34,Normal,4.011990888206565,42.730475999867494,8.421138335079851,86.74722607099272
20.6,0.3433333333333334,Normal,4.001872840321874,41.95034970496215,8.221309500949175,90.86597425545239
20.8,0.3466666666666667,Normal,4.039082675243363,38.80422047550737,8.434939571064964,84.50223071137555
21,0.35,Normal,3.985336769623327,43.676967845542265,8.79691174895422,90.41135390503325
21.200000000000003,0.3533333333333334,Normal,4.063241691210654,42.12945453352103,8.640407573735523,89.88244523118604
21.400000000000002,0.3566666666666667,Normal,4.021582767332277,46.72481985141136,8.162323439393395,86.50914189102085
21.6,0.36000000000000004,Normal,4.066946569294503,43.93368845022228,7.379928336621859,79.0157500014651
21.8,0.36333333333333334,Normal,3.9958484709904885,39.671414871210146,8.323689840704942,92.667786098432
22,0.36666666666666664,Normal,4.069950744318377,39.29882657556623,9.332106267221768,97.84844880199927
22.200000000000003,0.37000000000000005,Normal,4.035584815433851,45.53049336858346,8.43381074974919,87.8862488260761
22.400000000000002,0.37333333333333335,Normal,3.971450067076941,43.29576834593206,8.964385382353333,89.1108530662118
22.6,0.3766666666666667,Normal,3.9675616923086756,40.5862537106513,8.75608757831514,88.06740848123702
22.8,0.38,Normal,3.9484805001954246,40.06203432792447,8.695463804553778,95.78509741313079
23,0.38333333333333336,Normal,3.9063713479790656,36.61919929661868,8.400088253670978,92.34874137427484
23.200000000000003,0.3866666666666667,Normal,3.9879420390140754,43.329482062697856,9.357625852296886,88.16055383462414
23.400000000000002,0.39,Normal,3.9905691897411857,43.11324405618288,8.34221981158678,88.43353796266491
23.6,0.39333333333333337,Normal,3.947677457944653,46.603640285637496,8.9113372314687,89.53950698349117
23.8,0.39666666666666667,Normal,3.9575774091750873,47.38288165174712,7.747491853072933,82.29441543141914
24,0.4,Normal,3.930709713274325,38.38917139856951,9.115508124025132,85.64421140128769
24.200000000000003,0.4033333333333334,Normal,3.957611447204268,41.25441372130087,8.129138251610645,79.59213479361368
24.400000000000002,0.4066666666666667,Normal,3.9341508932066915,39.39565267727773,8.458393694670534,84.72663124594284
24.6,0.41000000000000003,Normal,4.020135846455665,42.40563953249505,8.597773646488813,88.0490494857712
24.8,0.41333333333333333,Normal,3.956101986436814,46.02356752528875,8.796953390335595,95.97008789800691
25,0.4166666666666667,Normal,3.9948142122281998,41.54403394781623,7.760108126981138,102.06909828546443
25.200000000000003,0.42000000000000004,Normal,4.027503636261696,43.22825944078302,8.663676899428282,92.58382337508473
25.400000000000002,0.4233333333333334,Normal,4.014647913637362,50.61793112622526,8.295597006307581,88.3128861651661
25.6,0.4266666666666667,Normal,4.028783734334232,40.0114101903726,8.141657446517552,94.57285945467493
25.8,0.43,Normal,3.991273784373982,41.86516454692279,8.916417440862324,73.12188335615812
26,0.43333333333333335,Normal,4.078388461421283,38.391842281589824,8.704391305101478,85.32309304495544
26.200000000000003,0.4366666666666667,Normal,3.9990010232063296,37.466595645685295,8.933343865865274,86.08267865621387
26.400000000000002,0.44000000000000006,Normal,4.006659919818156,38.709231876069126,9.268107480889157,86.81437066849257
26.6,0.44333333333333336,Normal,4.06449636365223,46.83060139229541,8.902634313199533,93.32309068895829
26.8,0.44666666666666666,Normal,4.0464921741860325,39.15177857063681,7.888124773344156,85.54421388778862
27,0.45,Normal,3.9824219240192136,45.7754159796666,8.09934979458854,89.99514421978422
27.200000000000003,0.45333333333333337,Normal,3.993921505328482,43.78160721238614,8.48795881880186,94.7579977577389
27.400000000000002,0.4566666666666667,Normal,3.989486297954534,42.909039439638924,8.850669584309188,95.93095431192988
27.6,0.46,Normal,3.9765842032343985,42.00547528064167,8.312007985542156,93.1929302130381
27.8,0.4633333333333333,Normal,3.927558011126405,42.27367026035473,8.776377825404884,83.48267376770468
28,0.4666666666666667,Normal,4.031450432626263,44.02999572633306,7.745663888812294,93.19392197309601
28.200000000000003,0.47000000000000003,Normal,3.932212416134618,43.221765827020214,8.64375618861749,84.68055921272475
28.400000000000002,0.4733333333333334,Normal,3.892837537251038,38.29235790927988,7.991121240832702,92.72438987101472
28.6,0.4766666666666667,Normal,3.8955555870519616,42.22768275267692,8.328234299086297,91.83399135758675
28.8,0.48000000000000004,Normal,3.969978500054144,44.62005576962903,9.156021350317573,86.64660776217161
29,0.48333333333333334,Normal,3.944600543948953,42.26932939841815,7.8623523169935465,85.29851055800442
29.200000000000003,0.4866666666666667,Normal,3.9172031773793705,42.813543619852,7.99643017581346,83.45977624253247
29.400000000000002,0.49000000000000005,Normal,3.9716292630957453,40.98271075884247,9.1668992318443685,91.5878703530158
29.6,0.49333333333333335,Normal,3.9164993218433333,46.56461119454979,8.359231632867958,100.2890770479726
29.8,0.4966666666666667,Normal,3.9769305932010606,36.47816303714163,7.5775626781356,91.74345344807625
30,0.5,Normal,3.9775956918568167,39.93305726028899,8.392143666588929,85.3710005778251
30.200000000000003,0.5033333333333334,Normal,4.0452969299770665,46.4268513897653,8.29338671131913,89.470055557844
30.400000000000002,0.5066666666666667,Normal,3.9801738828012563,39.2362619942701,9.019876159076166,85.81381838584014
30.6,0.51,Normal,4.0030677885795045,44.61205550788275,8.371670534358296,94.83716197541817
30.8,0.5133333333333333,Normal,4.085738822221937,47.68051128262017,9.3128852013016985,87.58142567640661
31,0.5166666666666667,Normal,3.9890805665075346,39.50941908298438,7.8720085039488215,80.30564931973588
31.200000000000003,0.52,Normal,4.0749469933401485,42.788021130636714,8.976428856905125,90.04205129339877
31.400000000000002,0.5233333333333333,Normal,4.041692203024382,46.521858266516745,7.725229678031003,87.3791476899995
31.6,0.5266666666666667,Normal,4.097432056158239,42.45729982399897,8.256814154504896,93.45691747394193
31.8,0.53,Normal,4.0131958764026505,44.381549714240606,8.323343068496275,89.06336662857582
32,0.5333333333333333,Normal,3.9964089350276764,35.46211466660683,7.905953042662889,89.18323139924325
32.2,0.5366666666666667,Normal,4.050521073072347,48.684973067246894,8.466911454242451,85.93641468320794
32.4,0.5399999999999999,Normal,4.025375571975942,36.6370658037512,8.315675040500803,89.51978759856186
32.6,0.5433333333333333,Normal,4.0055108994028945,40.999524350237024,9.24222866183306,89.22508545106072
32.800000000000004,0.5466666666666667,Normal,3.890742101236454,38.41407870078112,7.988804084819533,84.27958852956027
33,0.55,Normal,3.9589317072151924,43.95630763451562,9.25636542705987,83.86604411017272
33.2,0.5533333333333333,Normal,3.957742872487086,45.58214773757648,8.415394124101502,85.03593761583383
33.4,0.5566666666666666,Normal,3.939499588241723,47.348922595292166,8.738684572667449,86.95073928497843
33.6,0.56,Normal,3.934221143605803,38.86253158467339,9.306762435624469,89.24118749306221
33.800000000000004,0.5633333333333334,Normal,3.90988528890857,47.76089088999998,8.093669847154954,91.19076376617681
34,0.5666666666666667,Normal,3.9409867527927656,42.96417160476189,8.276722686388474,95.92219400148217
34.2,0.5700000000000001,Normal,3.9038203911033547,39.93399918421266,8.201440063189748,93.7811286756417
34.4,0.5733333333333334,Normal,3.9526076106950434,44.68558956177167,8.924976555865006,93.81472487931556
34.6,0.5766666666666667,Normal,4.010583407880535,45.43021954083583,8.599201749277182,101.23494920309878
34.800000000000004,0.5800000000000001,Normal,3.9853883075015086,37.9571100989555,8.117794781518533,89.87201652618636
35,0.5833333333333334,Normal,3.9602315196739655,37.9098289657482,8.888667589895286,86.08082192538988
35.2,0.5866666666666667,Normal,3.9975599619487987,42.482891432004294,8.490012874108125,89.94653302889135
35.4,0.59,Normal,4.05844184763275,43.39547468111232,8.01004954470717,82.39116401567426
35.6,0.5933333333333334,Normal,4.014481540179906,40.98203605108873,8.738433292495285,82.29793314029368
35.800000000000004,0.5966666666666668,Normal,4.0347963021615705,40.09993741543787,7.73503890886936,84.91704643248377
36,0.6,Normal,4.088797583605009,45.53656582446216,8.813494992208556,91.92180013871382
36.2,0.6033333333333334,Normal,4.035315894796086,46.91187983336831,8.189972496417749,81.64212058864774
36.4,0.6066666666666667,Normal,4.07158718813361,41.53718560906033,8.452760121513723,85.87755424152508
36.6,0.61,Normal,4.00842890986007,45.118965654735334,8.592001139677985,86.33275579054708
36.800000000000004,0.6133333333333334,Normal,4.005919964318592,40.33149145633784,9.57139244504557,83.92718165736643
37,0.6166666666666667,Normal,3.974707393606358,40.76888816170383,7.8086494490569205,90.62228488768692
37.2,0.62,Normal,4.058506101685223,44.122967241004275,7.171759813030131,91.06727875399982
37.4,0.6233333333333333,Normal,3.9567551593482277,42.55501704756337,9.560252361378142,88.10490799599206
37.6,0.6266666666666667,Normal,4.012298867940213,42.165139177345054,8.125527494123066,88.7430664257647
37.800000000000004,0.6300000000000001,Normal,3.971683888079614,38.348378830959064,9.027487260775148,91.9532919459715
38,0.6333333333333333,Normal,3.947614450700614,42.364676853569314,8.65508270983641,88.35535202253448
38.2,0.6366666666666667,Normal,3.9850172932033563,39.874431405422385,8.835528719241964,88.6307883613034
38.400000000000006,0.6400000000000001,Normal,4.006143084585062,39.53491025157424,8.190874046998491,89.19244648816128
38.6,0.6433333333333333,Normal,3.9081702780016956,46.877735776833454,8.442294956403561,96.07630935252176
38.800000000000004,0.6466666666666667,Normal,3.95030435719668,38.37568649253829,8.943858348909695,88.9381368543502
39,0.65,Normal,3.9280448207583483,40.38540996614414,8.005807864160094,84.25091156236182
39.2,0.6533333333333334,Normal,3.95377126153114,35.88890639373018,7.727590652071027,87.2215808557869
39.400000000000006,0.6566666666666667,Normal,4.000462901749337,39.26572954030221,7.774689811904682,91.27702947014222
39.6,0.66,Normal,3.9257904913530304,40.01081473868178,8.675661626470202,84.34556773245097
39.800000000000004,0.6633333333333334,Normal,3.9791081847379886,44.8621206091161,7.773082363246931,84.79954739527155
40,0.6666666666666666,Normal,3.9818488911546983,40.69145924473115,8.622509248161693,95.93019829388928
40.2,0.67,Normal,3.9607684680793,45.53783868108383,9.240536926966687,94.01350431335777
40.400000000000006,0.6733333333333335,Normal,3.988306910052256,47.31643152217412,8.104680943972085,80.50465863198768
40.6,0.6766666666666666,Normal,4.006501810144741,41.016987020161885,9.393621105950547,96.58229265736544
40.800000000000004,0.68,Normal,4.027709251654867,41.96549959666784,7.794859236331689,78.37476193446079
41,0.6833333333333333,Normal,4.043396031599517,40.518475799624,8.404612606084259,87.18493219389467
41.2,0.6866666666666668,Normal,3.996831048694663,45.12993161239546,10.01299872466959,94.15460274271821
41.400000000000006,0.6900000000000001,Normal,4.049823710058348,41.44841718420944,9.520422920528363,83.7406128330423
41.6,0.6933333333333334,Normal,3.977082043178119,38.85462285510719,8.348593014222105,78.87608477879213
41.800000000000004,0.6966666666666668,Normal,4.016983464284848,41.50176392770574,9.001017857933983,97.39779826327889
42,0.7,Normal,4.037416396697837,43.29045522973228,8.366396391973467,93.82976047049875
42.2,0.7033333333333334,Normal,3.9583134024983795,37.221841054940704,8.776761473571709,82.5765325112926
42.400000000000006,0.7066666666666668,Normal,3.979911709866678,43.64115862867237,7.61264732814312,87.26873252866214
42.6,0.7100000000000001,Normal,3.9832715123963465,45.0875447858432,8.149214519010503,86.94030884772735
42.800000000000004,0.7133333333333334,Normal,3.9758651038587023,40.802618235439155,7.571420775801726,81.29550321891985
43,0.7166666666666667,Normal,3.9222064171109094,41.32674618715505,9.017925048881663,93.29813372318222
43.2,0.7200000000000001,Normal,3.892219098541908,38.24701753096068,8.933600087388953,95.14866865527561
43.400000000000006,0.7233333333333334,Normal,3.928321644862388,40.13923481851591,8.17279273804409,86.5334168035105
43.6,0.7266666666666667,Normal,3.946344012873605,45.180047018052974,9.391892790112792,80.85128823941474
43.800000000000004,0.7300000000000001,Normal,3.98936112322293,41.911016337524785,7.402890092715561,80.6433500980662
44,0.7333333333333333,Normal,3.980519161137281,41.601536470861795,8.597171915385085,92.32089379923164
44.2,0.7366666666666667,Normal,3.950381540059909,37.11075977222168,8.038160763931694,91.36287292975187
44.400000000000006,0.7400000000000001,Normal,3.985383757906308,44.34255854379836,9.063581144343232,88.45639289368162
44.6,0.7433333333333334,Normal,3.9211893940939104,42.09531728249119,9.593092676596026,87.98741681618745
44.800000000000004,0.7466666666666667,Normal,3.968767529722321,41.59171691787004,8.743868569512491,84.75293276517345
45,0.75,Normal,3.9988182112034574,39.29549026382884,9.528607928632958,86.31265212959384
45.2,0.7533333333333334,Normal,3.9812496221737943,37.46973447087063,8.025965224488786,80.40063539343365
45.400000000000006,0.7566666666666667,Normal,4.019060619509816,35.998283239360816,7.632479303648943,90.7713379075188
45.6,0.76,Normal,4.044251371802123,41.03740610795063,9.24654203354142,82.87020188725202
45.800000000000004,0.7633333333333334,Normal,3.977688508359533,38.684340095407165,8.035935716388952,82.64809045776366
46,0.7666666666666667,Normal,3.980604652546131,41.91422219131727,9.260477420116866,100.88466753538025
46.2,0.77,Normal,4.036813571364512,41.08049056437542,8.344025021379585,86.93510569076322
46.400000000000006,0.7733333333333334,Normal,3.9988960776606217,44.46795130113138,8.403884993721507,83.64869516695956
46.6,0.7766666666666667,Normal,4.0548970942520555,41.892931192633824,7.5630402140563575,93.40472954203115
46.800000000000004,0.78,Normal,3.9273336118863464,43.45205610189106,9.036382649607404,93.40801378480197
47,0.7833333333333333,Normal,4.059265378298256,35.61923764879955,9.464716763732898,90.5621250440858
47.2,0.7866666666666667,Normal,3.997827840075439,42.73448017561375,8.491618932667736,91.55034330466002
47.400000000000006,0.7900000000000001,Normal,4.030298007223822,43.42023763648273,8.841794721583911,89.20463874647339
47.6,0.7933333333333333,Normal,4.004472990558255,43.46464397145759,8.626430657805766,81.9294541382832
47.800000000000004,0.7966666666666667,Normal,3.9767654512144714,42.241853016658716,8.724706013146816,91.47232086510459
48,0.8,Normal,3.928607568326841,36.65830657445749,9.080508229240783,87.81121204666067
48.2,0.8033333333333333,Normal,3.9509600398006817,41.38519601840755,8.445941010327251,89.70798367285107
48.400000000000006,0.8066666666666668,Normal,3.9289146685579017,34.93810533984596,7.533119845378322,91.79226302817692
48.6,0.81,Normal,3.8963832609797313,40.02422223887923,8.575165504336669,83.48709250297532
48.800000000000004,0.8133333333333334,Normal,3.944248050915268,42.408161023327594,8.524365374248546,82.62999346594393
49,0.8166666666666667,Normal,3.9409162025803948,44.39117603702555,8.456896368560527,94.17157308994366
49.2,0.8200000000000001,Normal,3.9243796947198715,43.0886185053605,7.551383290044922,88.7099843815513
49.400000000000006,0.8233333333333335,Normal,3.942508183680845,39.98418745437276,9.52395396696112,89.45170980731334
49.6,0.8266666666666667,Normal,3.910619181534888,43.00309073774617,8.427868424494791,84.21523096492294
49.800000000000004,0.8300000000000001,Normal,3.947322406951768,45.61865587554058,8.087176518645702,84.76395392449216
50,0.8333333333333334,Normal,4.011461018867367,39.978678264590215,8.242106894527467,87.66495675947982
50.2,0.8366666666666667,Normal,4.032235581899115,41.41303028202994,8.464978976314852,76.33290615944138
50.400000000000006,0.8400000000000001,Normal,3.972612712714477,42.653277656495455,8.976090990637749,97.60154341231123
50.6,0.8433333333333334,Normal,3.9922497471835423,40.558377668108896,9.313195549346252,93.02048222769379
50.800000000000004,0.8466666666666668,Normal,4.040555236208148,40.95966453676111,8.296965682796921,86.565219244523675
51,0.85,Normal,4.007474247618596,44.97449401824166,8.378289996007119,90.85151178037178
51.2,0.8533333333333334,Normal,4.011743655155966,45.33400960075466,8.716546879586495,85.9174805184795
51.400000000000006,0.8566666666666668,Normal,4.005156585573474,40.661019869447486,7.849401833198001,94.70502926854388
51.6,0.86,Normal,4.026651618458361,45.68559463757467,8.814871077566496,89.32989828718749
51.800000000000004,0.8633333333333334,Normal,4.06029849371457,37.502496474953894,8.479906152985775,97.0675405327327
52,0.8666666666666667,Normal,3.9736911854809662,38.658010391127526,9.805394666179422,92.117224214446
52.2,0.87,Normal,4.013970403349068,42.27697227612716,8.015898895454876,80.08522979412056
52.400000000000006,0.8733333333333334,Normal,4.031544413070113,41.416354573335724,8.824567823786964,96.45855780051647
52.6,0.8766666666666667,Normal,3.9605055594537477,42.49500167435593,8.822450828389478,93.31948807626277
52.800000000000004,0.8800000000000001,Normal,3.947185197955544,40.844479982215226,9.164507352730148,96.81304583105188
53,0.8833333333333333,Normal,3.9718874218077964,37.43461099685751,8.269803034785292,92.3904526213962
53.2,0.8866666666666667,Normal,3.9139142097421344,43.175521590513085,8.776937229845808,88.25441158418583
53.400000000000006,0.8900000000000001,Normal,3.950130515608054,41.205026720516194,8.395994227145184,85.59042864589445
53.6,0.8933333333333333,Normal,3.9207660068816486,45.60738064390384,8.592664038773172,83.38551899275981
53.800000000000004,0.8966666666666667,Normal,3.9969337791605573,46.27524846538623,9.093210629508699,84.27465942570397
54,0.9,Normal,3.917665084506884,41.104990422553314,8.058734848698812,95.91029713193853
54.2,0.9033333333333334,Normal,3.971084431794217,45.95827213084402,9.667631933668549,83.81519007278388
54.400000000000006,0.9066666666666667,Normal,3.9336229511811784,46.47804491907525,8.282816956534221,88.62039846607067
54.6,0.91,Normal,3.9503047743070012,36.143118298246215,8.407144973329595,87.04787626234867
54.800000000000004,0.9133333333333334,Normal,3.948277764737886,44.47259378395539,8.23764871611008,91.43310040989623
55,0.9166666666666666,Normal,3.9507538120073016,37.36602131818646,9.013895778085876,85.66733248595969
55.2,0.92,Normal,3.953687076727179,43.002895462791784,9.475260070433487,88.6567765023261
55.400000000000006,0.9233333333333335,Normal,3.9849022548079276,40.50713222919878,8.531280653692932,96.25457931938305
55.6,0.9266666666666666,Normal,4.033151308626917,41.42794824707996,8.384144294618364,94.5783028739998
55.800000000000004,0.93,Normal,3.992387361296112,44.65800095751912,8.578682631110462,98.11727389305479
56,0.9333333333333333,Normal,3.9683044122215247,41.57896300358421,8.511743497325986,86.32364304437598
56.2,0.9366666666666668,Normal,4.011404999451089,37.33630390168207,8.716254598579845,81.81210310103339
56.400000000000006,0.9400000000000001,Normal,4.002293573880003,45.8159651718979,8.208555252071017,93.54027260950602
56.6,0.9433333333333334,Normal,4.0403486074499515,38.27733850177382,9.753307719708383,88.67424733749627
56.800000000000004,0.9466666666666668,Normal,3.988951698871619,46.38162394162451,8.654455542028744,89.5124779849362
57,0.95,Normal,3.9059316876584855,44.03822225692719,8.275200474410227,93.11499018389237
57.2,0.9533333333333334,Normal,4.007841210668139,42.9990029635844,8.767418522654086,90.84523042899708
57.400000000000006,0.9566666666666668,Normal,3.92986039277545,34.10083480133719,8.822003317992493,94.0026283866106
57.6,0.9600000000000001,Normal,3.983039247964889,37.07531549059263,9.19952082302477,85.7687801492628
57.800000000000004,0.9633333333333334,Normal,4.009991543714808,36.58397691761834,8.245281585657072,86.91360057495133
58,0.9666666666666667,Normal,3.9702805778582433,36.079339527320855,7.977525281826445,84.45786402061661
58.2,0.9700000000000001,Normal,3.950261372729372,37.0501097245232,8.659159397230228,96.48920848802678
58.400000000000006,0.9733333333333334,Normal,4.020190732098045,42.95110392485728,7.876434993036533,96.19929243362301
58.6,0.9766666666666667,Normal,3.960156694171973,41.87414133939502,8.499684217949525,92.66629539961546
58.800000000000004,0.9800000000000001,Normal,3.9715041398553703,39.34294982373984,8.060220844594253,94.13701546857061
59,0.9833333333333333,Normal,4.023800261346602,45.20159942300495,8.435117186863513,93.44843674418476
59.2,0.9866666666666667,Normal,3.947432104424892,39.652276018222636,8.361051079129556,80.32117313972053
59.400000000000006,0.9900000000000001,Normal,3.9425093147634445,40.73160886741427,8.124560037307509,91.02877949385957
59.6,0.9933333333333334,Normal,3.959740320006379,40.37335136593943,8.45162427272469,90.945953168742
59.800000000000004,0.9966666666666667,Normal,3.9548729231306172,37.552217858478045,9.247767679932396,87.57928857074883
60,1,Normal,3.9665994576175745,48.00625493519256,9.110189365737966,81.24536861620395
60.2,1.0033333333333334,Normal,3.9902286739130095,46.92368017989702,8.79328272811841,81.47048866295685
60.400000000000006,1.0066666666666668,Normal,3.971797005017917,36.84600937700963,8.32951712716804,93.89175535371672
60.6,1.01,Normal,4.010963125371201,41.023364869885235,9.031107950727954,88.8812927550193
60.800000000000004,1.0133333333333334,Normal,4.017387444301805,36.11744767763294,8.36933343775006,86.1966221986978
61,1.0166666666666666,Normal,4.008327654615049,43.248546310336074,8.864840384972778,83.42408209937659
61.2,1.02,Normal,4.064102934031903,42.367051182322896,8.31219892716649,80.41049532709897
61.400000000000006,1.0233333333333334,Normal,3.996315759388737,40.44451579570579,8.65014069167585,80.14620789368308
61.6,1.0266666666666666,Normal,4.004001955349167,36.63061306122112,8.793375482660108,94.26304312829653
61.800000000000004,1.03,Normal,4.018805364632309,39.86594877470208,8.51629323121992,104.20195006846036
62,1.0333333333333334,Normal,4.0236628040540685,45.5897319454895,9.022550278216777,95.93222673451999
62.2,1.0366666666666666,Normal,4.011586281312186,36.371313630032496,8.48943773736142,90.57719399005443
62.400000000000006,1.04,Normal,3.9807318852419056,38.87535327483131,8.2854786236450515,95.8595746124986
62.6,1.0433333333333334,Normal,3.974285660344967,42.26811452913215,7.716591144430697,89.51207587595981
62.800000000000004,1.0466666666666666,Normal,3.945303045415669,45.35434489858087,8.6285872369225,99.93404106423958
63,1.05,Normal,3.9365976647535015,40.07551841835818,8.017038507246319,92.34100656577903
63.2,1.0533333333333335,Normal,3.9670465528184855,32.27912314931782,9.947944738960517,90.36180894111794
63.400000000000006,1.0566666666666669,Normal,3.946221948938329,49.83919655358508,8.669904549343629,93.07413589480727
63.6,1.06,Normal,3.9586375412450274,38.81973632880508,8.074328890713337,85.49619279940738
63.800000000000004,1.0633333333333335,Normal,3.905054142832764,46.388862239207356,8.74654974412895,94.14674520670705
64,1.0666666666666667,Normal,3.9715457639838645,38.94815066025103,8.425444612572713,94.19314886937389
64.2,1.07,Normal,3.9621844460135507,42.5774611847608,9.494319087028165,83.66862854674368
64.4,1.0733333333333335,Normal,3.9420747484914993,39.872592500493994,8.224990097275946,90.03872296851434
64.60000000000001,1.0766666666666669,Normal,4.003963273044521,41.8051653336058,8.65063056883765,82.88780810368036
64.8,1.0799999999999998,Normal,4.021443642524994,41.46249718177635,8.737442167381653,85.13277964366206
65,1.0833333333333333,Normal,3.9960033742151913,37.60589161789273,8.850456128632546,87.12270164967781
65.2,1.0866666666666667,Normal,3.9889444631113933,41.60061806234572,8.464156728341445,87.45212019607607
65.4,1.09,Normal,3.9612427737795235,41.87269009233513,8.07412926717959,83.80829530420864
65.60000000000001,1.0933333333333335,Normal,3.9930114397196608,44.51656286849679,8.292694877378525,84.51430343101508
65.8,1.0966666666666667,Normal,4.05266398073183,39.706571743455804,8.240644501936076,83.9987020457413
66,1.1,Normal,4.0461573040721985,47.69445138384589,8.55194595533293,88.54290509235214
66.2,1.1033333333333333,Normal,4.041845290028591,43.95235935527686,7.926755252459148,88.89217215231501
66.4,1.1066666666666667,Normal,4.013579655805126,39.04119228136053,7.9018450050188065,78.22171313293472
66.60000000000001,1.11,Normal,3.999376200627391,38.73036005340046,8.545095733268166,84.04607028461726
66.8,1.1133333333333333,Normal,4.034031988086435,44.89550581651179,8.291065984769627,87.19154092870328
67,1.1166666666666667,Normal,3.9953844960739633,42.3359312253686,8.740962519335802,93.29293564056213
67.2,1.12,Normal,3.961241820270827,37.69596295412929,8.479867812644862,90.75563214580629
67.4,1.1233333333333335,Normal,3.9667813022706455,36.46451094768819,7.267988175526596,88.7367181979491
67.60000000000001,1.1266666666666667,Normal,3.965130618987259,44.403603052645856,8.406794811750755,90.03091968966537
67.8,1.13,Normal,3.999975911062261,42.12839037926801,8.616974483971017,88.7580528229498
68,1.1333333333333333,Normal,4.007009494498655,45.240052423395284,8.294920849743024,83.30865758403928
68.2,1.1366666666666667,Normal,3.97665986238672,38.57347973174225,8.141241431950657,87.91033970496636
68.4,1.1400000000000001,Normal,3.9087322204450223,45.365618625712024,7.743284654788251,88.7014761210879
68.60000000000001,1.1433333333333335,Normal,3.94377868688374,39.92631807327341,8.948786513770477,85.96599939676852
68.8,1.1466666666666667,Normal,3.9046274774993677,39.31091963125166,8.584942240975568,94.07755498398274
69,1.15,Normal,3.9713824850402633,38.37124051163201,7.930723680534001,88.51956197222572
69.2,1.1533333333333333,Normal,3.9618077311790705,42.42727945994359,8.982615986617764,85.3837673688477
69.4,1.1566666666666667,Normal,3.99986762534801,38.605697547051875,8.532047657261987,94.71173130607488
69.60000000000001,1.1600000000000001,Normal,3.9565327416424925,45.3212868668363,9.210988619867836,89.5209751265886
69.8,1.1633333333333333,Normal,3.9694917613053105,41.13397586538382,9.190705365840882,89.90822288547776
70,1.1666666666666667,Normal,3.9962308734564256,43.53416685678946,8.204778289241876,95.6572317589702
70.2,1.1700000000000002,Normal,4.005172536752073,42.705489499564514,9.200775062833523,91.18830155842018
70.4,1.1733333333333333,Normal,3.982236631076544,39.902317462851045,8.767337402337812,83.48180650717282
70.60000000000001,1.1766666666666667,Normal,4.011636472463058,38.186908791084655,9.102479671506421,83.99133419881653
70.8,1.18,Normal,4.047351954522607,41.05408744874063,8.917321013086854,85.73821738048949
71,1.1833333333333333,Normal,4.0358370256766,38.02607758136863,8.591758261526014,90.037917555617355
71.2,1.1866666666666668,Normal,4.036418537063003,37.902212685318176,9.204504093349216,96.20680893394255
71.4,1.1900000000000002,Normal,4.001979823945655,42.91555261185731,8.187741743565804,93.09260997496227
71.60000000000001,1.1933333333333336,Normal,4.028217091831731,41.1705676748321,8.36313538479271,90.73134344433655
71.8,1.1966666666666665,Normal,4.0188482469538265,45.33923330069398,9.286496515224172,89.2829586657785
72,1.2,Normal,3.9922000879284787,44.93277576329535,8.552221247749726,78.61406720513807
72.2,1.2033333333333334,Normal,4.019979970413144,37.25229584303352,8.79941678027012,87.4408033592794
72.4,1.2066666666666668,Normal,3.9787371828437084,45.03672526233435,7.655431504922558,92.86627771852189
72.60000000000001,1.2100000000000002,Normal,3.9809491383616225,45.73737852392418,7.849308386979483,95.76047023678797
72.8,1.2133333333333334,Normal,4.015379882496724,43.15123759522334,8.408487432354864,89.12858619255526
73,1.2166666666666666,Normal,3.9956638993676896,38.06531627848284,9.23502717254048,89.17368824169135
73.2,1.22,Normal,3.9454783626321,43.40771498122922,8.903374422616244,84.80999339246918
73.4,1.2233333333333334,Normal,3.9552695316422706,45.891871021703565,7.83300564990356,89.87313483411205
73.60000000000001,1.2266666666666668,Normal,3.970940961457326,40.532875586112006,8.133570535113606,90.94404908165161
73.8,1.23,Normal,3.9435334262539694,43.10416530912001,7.9498472944196115,91.05651960153122
74,1.2333333333333334,Normal,3.9868324816837246,46.53882095047302,9.428867739633146,86.30964391109944
74.2,1.2366666666666668,Normal,3.9371641717447132,45.51895726534144,8.447415421175934,89.34009543721587
74.4,1.24,Normal,3.97328895218119,41.443685699137426,7.993338780197454,95.08922995677857
74.60000000000001,1.2433333333333334,Normal,3.948986453921094,47.18418022737464,8.909694079848489,88.02519257372485
74.8,1.2466666666666666,Normal,3.9269486771028346,41.58722716661485,8.618566737255621,83.53060307454548
75,1.25,Normal,3.9503305967057543,38.92784023054121,8.848351701006704,92.16376778341352
75.2,1.2533333333333334,Normal,3.9678519877983978,40.82288868310048,8.327094616969761,90.29642388324939
75.4,1.2566666666666668,Normal,3.9653076485856986,44.165638591245745,8.404396990359984,84.83848613826041
75.60000000000001,1.2600000000000002,Normal,4.052519445958016,44.69992249520429,8.526350006089725,91.15033571709944
75.8,1.2633333333333332,Normal,4.027303554140605,45.51170451778019,8.404305881965863,90.9126505016823
76,1.2666666666666666,Normal,3.9442522553190855,45.438780186050586,8.685274176185287,91.03432792743675
76.2,1.27,Normal,4.0311943089364695,42.47945258109998,9.111415649370908,89.9885509384542
76.4,1.2733333333333334,Normal,4.00942324751217,42.727400459979705,8.479376475562773,96.41428960329108
76.60000000000001,1.2766666666666668,Normal,4.016023614996257,41.42072640102947,8.339340119624897,89.47237227556712
76.80000000000001,1.2800000000000002,Normal,3.968927841477024,42.47820455624943,7.896383007540402,87.5448059685296
77,1.2833333333333334,Normal,3.9749478718299573,47.16244156234309,8.737423312652147,89.46993260743793
77.2,1.2866666666666666,Normal,3.9228633114789155,37.06077636562007,8.657362618146946,92.25192852651689
77.4,1.29,Normal,4.020279009717249,46.54348697796903,8.327574288444106,95.73817959396352
77.60000000000001,1.2933333333333334,Normal,4.021620076343779,41.13669717597925,7.91664625735381,89.9512275423549
77.80000000000001,1.2966666666666669,Normal,3.973978105538652,41.07718762267141,8.42459003186346,92.540322548216
78,1.3,Normal,3.90780831457465,44.84389616567231,8.904620098679857,82.93983831648475
78.2,1.3033333333333335,Normal,3.911568494130527,39.1059845612228,7.459392149991629,94.85854699969069
78.4,1.3066666666666669,Normal,3.9504191540299955,44.36988045818217,8.054475090122285,89.3028504348287
78.60000000000001,1.31,Normal,3.8929496656550935,42.57982854945618,8.53507284629749,93.97846793002142
78.80000000000001,1.3133333333333335,Normal,3.9276826109783594,42.592309271372116,8.503997137358143,88.84953861123414
79,1.3166666666666667,Normal,3.8773683799731287,40.552424709220816,7.981344878725825,88.46287685319979
79.2,1.32,Normal,3.9246455469863677,44.27167955617392,8.881481143228116,86.43515655177303
79.4,1.3233333333333335,Normal,3.917161594776785,44.64035720819009,9.04455495955429,94.83488328726847
79.60000000000001,1.3266666666666669,Normal,3.9244954644625087,40.2652538711462,8.968444693744933,91.95059653881421
79.80000000000001,1.3300000000000003,Normal,4.004546101668134,41.20522020343131,7.874479402335131,82.2752894836859
80,1.3333333333333333,Normal,3.97843084783658,44.29357109241446,9.060323549681573,97.69840176927737
80.2,1.3366666666666667,Normal,3.9560952257832804,44.01150553742711,8.831964946219797,89.30175933789471
80.4,1.34,Normal,3.972438001022346,36.60725558667713,8.256028488795339,94.13818997287449
80.60000000000001,1.3433333333333335,Normal,4.003479189702455,42.41181935796834,8.97131613609161,93.31523037135786
80.80000000000001,1.346666666666667,Normal,4.051812925228434,37.32317298276487,8.985731068025768,94.89238213745021
81,1.35,Normal,4.02254051504526,44.430483323219974,8.105863956026225,90.6318695429298
81.2,1.3533333333333333,Normal,4.024475113916279,42.319168258915006,8.093341290633957,87.32606831254799
81.4,1.3566666666666667,Normal,3.9727955792380594,40.95737570687851,8.941732121280262,91.13276284321685
81.60000000000001,1.36,Normal,4.014841636317315,42.8797195780424,8.452196794590947,88.57640308810912
81.80000000000001,1.3633333333333335,Normal,4.017423120811676,40.83101138572625,7.806861945674427,100.131157182545
82,1.3666666666666667,Normal,3.9486266884775985,44.481026228165774,9.365204325950442,94.82236585706936
82.2,1.37,Normal,4.0436051263020385,43.68642809737633,8.959677343746156,82.4355585305775
82.4,1.3733333333333335,Normal,3.91198378974177,37.19091603352806,7.8562660287084904,92.87432263460413
82.60000000000001,1.3766666666666667,Normal,3.922512037509461,45.69222826302371,8.796981719327187,88.269012033472265
82.80000000000001,1.3800000000000001,Normal,3.9530437902470146,45.30073108693217,8.73075778468331,94.04009242830172
83,1.3833333333333333,Normal,3.9409760935026243,44.03789172838639,8.611760047877054,90.67259998199813
83.2,1.3866666666666667,Normal,3.9522706485175503,46.33481458028609,8.695375903527113,90.33632720295202
83.4,1.3900000000000001,Normal,3.9524121777369,44.66952513091186,8.537444932700636,93.47839457389577
83.60000000000001,1.3933333333333335,Normal,3.854981091757484,39.74268237445765,8.603110187231145,85.96456707708143
83.80000000000001,1.396666666666667,Normal,3.960938436034188,37.62654485813594,8.429485215382424,89.87809262393743
84,1.4,Normal,3.94181993038953,42.03851818426806,9.588798731412925,90.12371270452488
84.2,1.4033333333333333,Normal,3.9082421611243627,49.78773035732341,8.245355976118763,88.7455005500593
84.4,1.4066666666666667,Normal,3.9358876723340734,43.54040961582984,8.389334141884843,88.31754223167496
84.60000000000001,1.4100000000000001,Normal,3.9269070979509917,37.57175986399114,8.472080074012396,101.54447688938257
84.80000000000001,1.4133333333333336,Normal,3.9862499724360902,41.458478847258526,8.026811540375537,87.14207370573848
85,1.4166666666666667,Normal,3.9697257262978742,42.33748189197349,8.82078742683862,85.25152506984392
85.2,1.4200000000000002,Normal,3.9307608970514045,43.77275581486852,8.180900648111255,92.4018906460566
85.4,1.4233333333333333,Normal,4.0384635011540295,41.14252852569604,8.372020629310079,80.84414586050646
85.60000000000001,1.4266666666666667,Normal,4.0474187558920045,46.92105419636576,8.065276441257662,83.4421951364942
85.80000000000001,1.4300000000000002,Normal,4.021793038688462,43.557286855804485,8.22004022805373,95.78439817039877
86,1.4333333333333333,Normal,3.9878673652773284,42.009967337229035,8.044700937293882,82.36428646959119
86.2,1.4366666666666668,Normal,4.045722567706878,38.54190474637886,9.057362007945686,90.00140545671283
86.4,1.4400000000000002,Normal,3.986143638396553,42.601375664042074,8.065478587320017,92.17955661153515
86.60000000000001,1.4433333333333336,Normal,3.997698518713612,34.1953119020101,9.208302180257167,90.00696522505505
86.80000000000001,1.4466666666666668,Normal,4.038633665077678,41.490007219140985,8.473399283405357,88.41858311880759
87,1.45,Normal,4.025419795708517,39.051630597681985,8.523020527266148,95.40441679612216
87.2,1.4533333333333334,Normal,4.001933097581708,43.23276406216676,8.921221362974922,86.85388612172895
87.4,1.4566666666666668,Normal,3.977019433966401,44.04577527533277,8.912328122643292,98.69717607757912
87.60000000000001,1.4600000000000002,Normal,3.974367924898565,40.01637685363343,9.289624622708015,89.43635065497696
87.80000000000001,1.4633333333333336,Normal,3.9796731052638026,39.15882716220476,8.249518383782586,90.53907973536772
88,1.4666666666666666,Normal,3.974744278372144,43.048050441457555,8.493781755311463,79.76515425575218
88.2,1.47,Normal,3.913431789652442,39.612566640032355,9.19871632302648,91.26527213461131
88.4,1.4733333333333334,Normal,3.898433882912024,36.82329909811615,8.747667741661164,92.04293366896427
88.60000000000001,1.4766666666666668,Normal,3.9600111653143197,39.05734050729379,8.108557007264427,89.05355667800103
88.80000000000001,1.4800000000000002,Normal,3.9295955259125224,43.66542596756496,8.178305797527003,91.96373628218855
89,1.4833333333333334,Normal,3.9253753209215683,42.67407115933244,8.468449681577603,88.44294263431469
89.2,1.4866666666666668,Normal,3.980533142803196,32.9167143585058,8.743371572067215,83.43159174463507
89.4,1.49,Normal,3.901589915080847,38.308732891018806,8.709282344647681,91.60059181136168
89.60000000000001,1.4933333333333334,Normal,3.9689807400405277,44.92737568895404,7.946688463429682,88.30677125388175
89.80000000000001,1.4966666666666668,Normal,3.9094780652519745,43.043057625135226,8.062648397096646,86.30402150744077
90,1.5,Normal,3.904834011572582,39.1482163565405,8.355574020202349,81.65381509894306
90.2,1.5033333333333334,Normal,4.030819890846051,44.20738610879658,8.95461027318315,89.28553469795871
90.4,1.5066666666666668,Normal,3.9713929763308213,42.676579919583816,9.06270175023296,86.05603921161028
90.60000000000001,1.5100000000000002,Normal,3.964605657179621,42.50194517469571,8.123117428197647,88.99481461657321
90.80000000000001,1.5133333333333334,Normal,3.9931292323744,37.7581919338086,8.91804543139328,87.01140135334217
91,1.5166666666666666,Normal,4.0510713737037065,36.24171601226792,8.104888208468882,85.98218923344986
91.2,1.52,Normal,4.033564774849807,38.75656887682641,9.223289135785235,90.06295716142061
91.4,1.5233333333333334,Normal,4.017959103900301,47.906273605601584,7.290871425262415,92.65337190327263
91.60000000000001,1.5266666666666668,Normal,3.975420375562534,40.8333316899918,9.07434172585332,84.70164726856554
91.80000000000001,1.5300000000000002,Normal,4.066124683379957,40.848895789282324,8.918298600481432,89.92356970077842
92,1.5333333333333334,Normal,3.961465478915159,41.50361520548995,7.553254781358005,88.71121656193984
92.2,1.5366666666666666,Normal,4.019231237308964,42.128040117425776,7.74432369313202,93.67150756697141
92.4,1.54,Normal,3.967065618822634,42.76321839653761,8.91835704977286,80.94959283667404
92.60000000000001,1.5433333333333334,Normal,3.963273043913132,45.126174381371804,9.105515303729964,91.96011464935978
92.80000000000001,1.5466666666666669,Normal,4.00683978426089,44.1354582888262,9.374725506660706,97.52250602602045
93,1.55,Normal,3.9952733220455827,49.21596270125433,8.552990819317975,86.20383282756615
93.2,1.5533333333333335,Normal,3.901401605053547,48.00408410635376,8.560787322076052,94.115839755149
93.4,1.5566666666666669,Normal,3.9228796399239902,45.44152249191382,9.477059596993623,92.2909051269671
93.60000000000001,1.56,Normal,3.957037325523672,35.970094045884544,7.5838729909951965,91.9830366551075
93.80000000000001,1.5633333333333335,Normal,3.932982832590144,46.78229873696159,9.250332995405465,94.38252127476113
94,1.5666666666666667,Normal,3.921803412647113,42.76743583683115,8.251348880362539,93.02390391701302
94.2,1.57,Normal,3.92920497850372,44.47683625190269,8.956949248777578,86.14338759571422
94.4,1.5733333333333335,Normal,3.9616444519437106,39.83284360637757,9.0739595096842809,94.89131813526733
94.60000000000001,1.5766666666666669,Normal,3.908094574452157,44.2207744264882,9.179261325617835,86.99934448033598
94.80000000000001,1.5800000000000003,Normal,3.9550177955841153,47.198551303498085,7.951628741788451,91.52461772516686
95,1.5833333333333333,Normal,3.990575965882898,42.61625250718714,7.886623210652981,93.00931690304172
95.2,1.5866666666666667,Normal,3.9905066682494876,40.60377081851724,8.020114394400947,80.0203007997709
95.4,1.59,Normal,4.016158228807173,43.791892073620836,8.800285662132437,90.4415922447403
95.60000000000001,1.5933333333333335,Normal,4.012686986403104,43.29703441629522,8.296913271885769,85.83593504311055
95.80000000000001,1.596666666666667,Normal,4.017673855204112,41.85546128594878,8.520577958428225,85.0467473015538
96,1.6,Normal,4.036241029970709,36.121075298346256,8.650287978462895,88.31429105958144
96.2,1.6033333333333333,Normal,4.049673209457501,43.312709499205724,7.238701085190807,89.47367108576476
96.4,1.6066666666666667,Normal,3.9841585691922803,42.06581371011045,8.68925177779469,89.50761802118086
96.60000000000001,1.61,Normal,3.982298658595247,42.95599312281518,7.8750766759854445,93.14804817270743
96.80000000000001,1.6133333333333335,Normal,3.997721020389957,43.6972592656842,8.850254980226719,82.32202633743825
97,1.6166666666666667,Normal,4.000195681150224,42.565590159000514,8.237046539307574,87.59510527072685
97.2,1.62,Normal,3.958407323826009,44.199253077365974,9.210662835733595,93.3092277335183
97.4,1.6233333333333335,Normal,3.966319481797593,42.40303854234604,8.302730476345697,92.69647233443371
97.60000000000001,1.6266666666666667,Normal,3.931217833913368,43.995629368109654,8.655345095414075,90.13870358169767
97.80000000000001,1.6300000000000001,Normal,3.899676589329966,35.02748236080529,8.814550393092086,90.23753242389233
98,1.6333333333333333,Normal,3.971732419323372,44.59517138069093,8.42874714823373,93.32066871023339
98.2,1.6366666666666667,Normal,3.918180537800079,41.79681117882797,7.632966634092091,94.0561833951652
98.4,1.6400000000000001,Normal,3.899914922061737,45.61282799572152,9.51100587922432,97.90287405602352
98.60000000000001,1.6433333333333335,Normal,3.966749458172627,34.40870798798377,7.9492116102649435,86.72361689454547
98.80000000000001,1.646666666666667,Normal,3.8915946399066583,48.60168222524861,8.440331036099586,92.6215335229257
99,1.65,Normal,3.964451562505722,42.08657191625013,8.26323126941737,87.95376576207482
99.2,1.6533333333333333,Normal,3.903704235819954,46.85529917605521,8.526053811043061,86.99354686706893
99.4,1.6566666666666667,Normal,3.895908970936067,43.36441070430015,7.528695233502837,93.83741901460337
99.60000000000001,1.6600000000000001,Normal,3.8777584285981237,44.52126106904901,8.029303705342391,83.89085686982594
99.80000000000001,1.6633333333333336,Normal,3.9141487861756836,45.46804570309614,7.786963720931992,84.4461123062946
100,1.6666666666666667,Normal,3.9729646672720276,39.200903712029266,8.424399553866575,88.63162208437512
100.2,1.6700000000000002,Normal,3.9195942419457936,43.92614961691018,8.697821662552693,95.96748081096673
100.4,1.6733333333333333,Normal,4.0066262670449815,42.54863750575455,8.584915159644275,89.64981010299137
100.60000000000001,1.6766666666666667,Normal,4.023747212026293,39.47690417115927,8.21815332805685,78.0125785903495
100.80000000000001,1.6800000000000002,Normal,4.008436054285903,35.2608212690787,8.693048925196376,91.83934440436957
101,1.6833333333333333,Normal,3.9819311472692602,43.684823739172025,8.340474505062469,85.25511412398718
101.2,1.6866666666666668,Normal,4.038797730286559,43.61375033370535,8.93349962579674,88.67633690442595
101.4,1.6900000000000002,Normal,3.99031168315934,42.71753212238217,8.583684395330934,88.37354516145719
101.60000000000001,1.6933333333333336,Normal,3.9898886184807356,40.430763646001644,8.92129615907067,97.3386839267739
101.80000000000001,1.6966666666666668,Normal,3.947557972457495,41.51133851516649,9.380203626368262,86.80569525522131
102,1.7,Normal,3.978001543402199,42.01944340570616,8.899419410976611,84.51071815645602
102.2,1.7033333333333334,Normal,3.9744135463786745,43.305941443976366,8.104619818629367,85.04145343815237
102.4,1.7066666666666668,Normal,3.923933231408724,46.456514875358266,8.961600281998988,97.22258567789879
102.60000000000001,1.7100000000000002,Normal,4.0041452129653194,43.27743660531716,8.678417114207132,94.30216510854794
102.80000000000001,1.7133333333333336,Normal,3.9258659922763135,44.00242524704846,7.756219558427256,84.72480185987193
103,1.7166666666666666,Normal,3.9135581795761945,44.429636875107434,8.208148877632828,95.10112679068008
103.2,1.72,Normal,3.941566777224504,40.8101627920412,8.5289283935262,90.14066708348479
103.4,1.7233333333333334,Normal,3.943184501575016,41.140506632749656,7.904191362801032,85.86353098659559
103.60000000000001,1.7266666666666668,Normal,3.8886345028239147,44.36908753202774,9.003122278477408,92.76029207570508
103.80000000000001,1.7300000000000002,Normal,3.9171126932451643,43.7122371145002,8.690741712150476,90.71859713519557
104,1.7333333333333334,Normal,3.9402495974588847,40.594793892433806,8.706260217069788,96.20573194297143
104.2,1.7366666666666668,Normal,3.909495531495459,43.35067424658629,8.725688162191076,97.86954955405534
104.4,1.74,Normal,3.971491209622548,45.770861658346504,8.221422892571024,89.67274362297671
104.60000000000001,1.7433333333333334,Normal,3.8810851262671058,42.712247258607725,8.29050932979008,85.06311950055884
104.80000000000001,1.7466666666666668,Normal,3.9339614036364807,42.40230482016683,8.565935132217039,93.35383438602896
105,1.75,Normal,3.983212941429144,44.45947608766881,8.487701537791237,94.38797658720347
105.2,1.7533333333333334,Normal,4.006212985441228,45.718834177754914,8.946964934370524,98.21225370288369
105.4,1.7566666666666668,Normal,3.9897500795229077,40.588290271745606,9.42839344511225,85.49572002651888
105.60000000000001,1.7600000000000002,Normal,3.9788517489310067,45.66666913217563,9.11444901000478,80.65028625947718
105.80000000000001,1.7633333333333334,Normal,4.040118006603779,44.39062841982261,8.265483206508074,79.25277788942928
106,1.7666666666666666,Normal,3.9573119553703955,43.981186442748644,8.434987956360269,89.27135969635621
106.2,1.77,Normal,4.023404464667347,45.791068419561995,7.934014173946075,93.05985014960221
106.4,1.7733333333333334,Normal,3.986593096810118,41.98258108483028,8.907673039031732,93.4531752252488
106.60000000000001,1.7766666666666668,Normal,4.013389711698021,40.2345353467731,8.362261495685258,91.35115559752556
106.80000000000001,1.7800000000000002,Normal,3.946741083825804,42.855189528803024,9.058540222001213,88.4856283232153
107,1.7833333333333334,Normal,4.0405272872978,41.72288544840032,9.226059279826947,100.22036698631705
107.2,1.7866666666666666,Normal,3.996440242058746,43.75048702739339,9.218749139669647,81.07308497474737
107.4,1.79,Normal,3.9221144997263644,43.721481282479886,8.495990853947685,88.00705603024615
107.60000000000001,1.7933333333333334,Normal,3.92432059910615,35.49819846071817,9.016489202529367,88.08557750168072
107.80000000000001,1.7966666666666669,Normal,4.009335848403557,38.71672241729019,8.784587394225104,91.71210964642229
108,1.8,Normal,3.962012530662269,42.21965887768668,8.753818773499962,91.62152658389425
108.2,1.8033333333333335,Normal,3.8778250899761044,34.17616569952327,8.091077340268033,96.09763785918139
108.4,1.8066666666666669,Normal,3.9338084066889727,41.26480742387219,7.720798495276811,94.47844879423386
108.60000000000001,1.81,Normal,3.877347892915931,37.36349059391138,9.266643607795682,86.3047491391105
108.80000000000001,1.8133333333333335,Normal,3.8722226174445487,43.72259041517899,7.945449249247419,84.74923099367473
109,1.8166666666666667,Normal,3.9312249794648397,43.617206605030134,8.998358712143263,86.89462299213935
109.2,1.82,Normal,3.9338380800322788,36.362619111002346,8.464314496433758,88.00075794649031
109.4,1.8233333333333335,Normal,3.898989634223986,42.95180667738781,8.767565692449876,95.08636146998226
109.60000000000001,1.8266666666666669,Normal,3.9526840398523597,40.18815627369872,8.193707693244138,87.0872536277493
109.80000000000001,1.8300000000000003,Normal,3.9705359699913174,51.14706353492117,8.663361235989031,85.19180145410482
110,1.8333333333333333,Normal,3.9233545043256464,38.88360986761053,9.348634484191159,90.34879907064592
110.2,1.8366666666666667,Normal,3.987765001573775,42.073840476661246,8.364302247910816,87.60992339213333
110.4,1.84,Normal,3.9779075543732705,42.92106131204275,8.266989800102705,92.38303260506262
110.60000000000001,1.8433333333333335,Normal,4.02847952023247,38.14167201422832,7.941297929284707,87.79996873776737
110.80000000000001,1.846666666666667,Normal,3.989597462134197,42.84987559861292,8.4939708218941,92.18205990929522
111,1.85,Normal,4.0244821076508925,36.12106422364488,8.636950401849946,87.85809669824064
111.2,1.8533333333333333,Normal,3.9694769082510355,43.102673536501996,8.749943068580578,87.66015923969613
111.4,1.8566666666666667,Normal,4.030385810360282,47.02794140211765,8.75676410148434,86.1473042838512
111.60000000000001,1.86,Normal,4.042500414108346,44.67754045571178,7.955442762958427,81.54565158302299
111.80000000000001,1.8633333333333335,Normal,4.036194468528099,44.533500980659504,8.267874459638936,91.84056594286045
112,1.8666666666666667,Normal,3.978233401203093,38.542778599497304,8.336901112398591,78.87404362199386
112.2,1.87,Normal,4.005291881248989,42.839336054610335,7.9710179983166904,96.82771081394222
112.4,1.8733333333333335,Normal,3.9943295487234223,34.02777680715475,8.850102355022447,86.82114421360217
112.60000000000001,1.8766666666666667,Normal,3.9580508118100455,41.99265326987604,8.671406346678033,90.52860305617101
112.80000000000001,1.8800000000000001,Normal,3.9707251254183973,40.762469326151475,7.878280192857564,89.50122446423298
113,1.8833333333333333,Normal,3.8666951310648563,41.980067100417095,9.127853379303819,95.13373996609641
113.2,1.8866666666666667,Normal,3.9425230450778725,40.53382412757563,8.996810158904216,83.99540608141064
113.4,1.8900000000000001,Normal,3.8819001689904846,37.56556228288559,7.21394767340137,82.73220633939488
113.60000000000001,1.8933333333333335,Normal,3.9289034893266463,42.34273135386047,8.158255005905577,86.31857214712137
113.80000000000001,1.896666666666667,Normal,3.973639968432252,42.07596881045776,7.839789830459549,86.21211392822244
114,1.9,Normal,3.9435818765366686,41.95602845263542,9.53357157260667,100.38684045882235
114.2,1.9033333333333333,Normal,3.910967955524292,41.70204897137186,8.720315228480736,99.28352575264105
114.4,1.9066666666666667,Normal,3.924998839701098,42.52757105887051,8.387925472235079,88.79133095845914
114.60000000000001,1.9100000000000001,Normal,3.909354493495502,38.73409975547225,8.800084351253172,88.8811248145888
114.80000000000001,1.9133333333333336,Normal,3.884717629883152,37.559866114113696,8.433752716742754,91.9934011725382
115,1.9166666666666667,Normal,3.9912500982133454,40.369051214714716,9.135680337082036,90.03330277655519
115.2,1.9200000000000002,Normal,4.02061737724126,41.58117231829237,8.224891242837574,98.31059241068337
115.4,1.9233333333333333,Normal,3.98547569367902,44.72253325549977,8.477716567670672,87.40426860678465
115.60000000000001,1.9266666666666667,Normal,3.9629481366630146,42.701406891922424,8.271159046841328,83.76440533046248
115.80000000000001,1.9300000000000002,Normal,3.9940140973490186,36.79612654306395,8.898577023458353,96.40328686008414
116,1.9333333333333333,Normal,3.999322582460011,40.82418285295919,8.882249021839788,96.64255451550528
116.2,1.9366666666666668,Normal,3.9841954024179542,40.30482240069761,8.08848999472927,96.4132580565522
116.4,1.9400000000000002,Normal,3.993868419786973,44.71781117750311,8.227038326758587,90.08389265795633
116.60000000000001,1.9433333333333336,Normal,3.9955425652513443,41.70430975240289,8.55819409606966,95.57868981128745
116.80000000000001,1.9466666666666668,Normal,4.010413424353533,44.83282047263954,9.168260724267611,92.39824586732955
117,1.95,Normal,4.021811437563822,43.88333029210468,8.812040509416018,90.98910053928783
117.2,1.9533333333333334,Normal,3.9128127388644627,37.49945461230917,6.978622765280549,87.97121703634909
117.4,1.9566666666666668,Normal,4.027723319907826,46.32153413241855,8.198419006333017,96.58409638375419
117.60000000000001,1.9600000000000002,Normal,4.036282155831655,40.80834166171643,8.477594869279484,90.58333985786933
117.80000000000001,1.9633333333333336,Normal,3.915136667769024,45.687790635202376,9.381966213119174,89.28460174936725
118,1.9666666666666666,Normal,3.919831185519022,43.31013380585834,8.641182770613389,96.29147991618265
118.2,1.97,Normal,3.957500852548091,43.81528381821587,8.912175889018444,88.83347378954645
118.4,1.9733333333333334,Normal,3.9259594308676955,43.24416592486551,9.125069097078763,96.59784436142118
118.60000000000001,1.9766666666666668,Normal,3.96398470803121,38.55703804151526,8.021404832196797,98.89794147073297
118.80000000000001,1.9800000000000002,Normal,3.9393992533651288,44.094701465584635,9.586840072708473,88.42557057133935
119,1.9833333333333334,Normal,3.8869162329170477,44.327244364244486,7.5165151010848215,89.50538927178977
119.2,1.9866666666666668,Normal,3.943748748368468,38.93176053135877,9.226781445783526,82.61022919697226
119.4,1.99,Normal,3.900494101306512,38.88704315825745,8.19157039835912,90.9791975625377
119.60000000000001,1.9933333333333334,Normal,3.9408388181295466,45.48998291729852,8.382223490465533,86.07356425625464
119.80000000000001,1.9966666666666668,High Load,3.9489902122091887,25.29767257454128,9.527589991641953,109.17823499619531
120,2,High Load,4.018012305584374,27.62014934689528,9.451951581354534,101.09879822690246
120.2,2.0033333333333334,High Load,4.177923040601688,26.5003402633415,9.855016154347883,99.6370863813063
120.4,2.006666666666667,High Load,4.22699043137661,22.159953872743973,9.982895684081052,113.25620890805689
120.60000000000001,2.0100000000000002,High Load,4.328985410881213,25.348403213894844,9.69608245666636,101.42163495244718
120.80000000000001,2.0133333333333336,High Load,4.465642341205904,29.55925148766904,9.203434616715963,108.01286005682186
121,2.0166666666666666,High Load,4.479988016692064,29.846053858612464,10.765980300962532,102.2842796461839
121.2,2.02,High Load,4.494391767359869,28.714455775513795,10.918649573608866,106.88252764394201
121.4,2.0233333333333334,High Load,4.428535165465236,28.419460693625293,10.403946792214672,110.37055725249645
121.60000000000001,2.026666666666667,High Load,4.4096264854289835,28.123632851584155,8.956366651601511,104.88048634908199
121.80000000000001,2.0300000000000002,High Load,4.330839928194831,26.255258341580735,10.49404713329614,96.92707812498739
122,2.033333333333333,High Load,4.242935808247589,29.702305968269222,9.329275862175248,110.82813387263884
122.2,2.0366666666666666,High Load,4.22310560775304,29.0254163723075,9.153947475762717,102.20508655274283
122.4,2.04,High Load,4.098035154837133,29.42623832037652,10.081119010505834,108.03402967045443
122.60000000000001,2.0433333333333334,High Load,4.072311446042542,25.294018948467922,9.727845941655453,98.05495263330681
122.80000000000001,2.046666666666667,High Load,3.9453309501520346,27.292466140256312,10.171237216352706,98.48314393351835
123,2.05,High Load,3.96046680111146,21.8213333051075,9.551347683838474,107.62469926110913
123.2,2.0533333333333332,High Load,3.9340036555809306,20.8692016953522,9.660330968723706,105.97210733073449
123.4,2.0566666666666666,High Load,3.9258772938572326,26.938663957536786,8.917567806460154,101.10622467818106
123.60000000000001,2.06,High Load,3.885245130647623,24.688169313086643,10.462210540487527,92.98186949419986
123.80000000000001,2.0633333333333335,High Load,3.9155320137648078,25.298581878620393,10.074241972008892,102.34718624452626
124,2.066666666666667,High Load,3.974532427035971,26.364618163024048,8.972385846702347,107.60247441427877
124.2,2.07,High Load,3.9575086681276406,29.192754621318993,9.955812365213962,100.06999521670228
124.4,2.0733333333333333,High Load,3.960387986216248,28.57330002090295,10.72820708637342,101.77594945391596
124.60000000000001,2.0766666666666667,High Load,3.964031220927129,30.817099940025564,9.982911134398552,102.11445515761245
124.80000000000001,2.08,High Load,3.9730160036642777,22.171626309905943,10.423529984774502,110.02175596326863
125,2.0833333333333335,High Load,3.9152292982429886,28.68350386259891,9.754310376427554,104.88478035026772
125.2,2.086666666666667,High Load,3.9204051359277283,30.31112230125471,9.738941710068271,113.69803274374735
125.4,2.0900000000000003,High Load,3.9658839971343265,30.652021884082156,9.041705208291527,103.0894188634422
125.60000000000001,2.0933333333333333,High Load,4.032573215605892,30.538818323655285,9.616724764514425,108.574075418744
125.80000000000001,2.0966666666666667,High Load,4.013300149897968,26.073509676619146,8.693901686785628,93.92920193203986
126,2.1,High Load,3.977895853313326,28.38283981063775,10.086635962144952,101.1601669841557
126.2,2.1033333333333335,High Load,4.007437397525341,27.750062351945175,9.042840553702783,106.03298269434154
126.4,2.106666666666667,High Load,4.008559351596017,32.45113246983088,8.758311310913399,109.33585511619647
126.60000000000001,2.1100000000000003,High Load,3.986765460858447,29.73204951421879,11.275048720959184,107.27831640263436
126.80000000000001,2.1133333333333337,High Load,4.009743624519576,24.745544747093103,10.235516712102804,107.67568372735613
127,2.1166666666666667,High Load,3.981138165959751,28.333533605478642,10.398142431227116,100.72985998173897
127.2,2.12,High Load,3.990053280109532,24.63688650614805,9.933892036994164,103.4235175430566
127.4,2.1233333333333335,High Load,3.985336319293397,28.973756473008386,9.303475474399198,113.95563797537666
127.60000000000001,2.126666666666667,High Load,3.945343187444798,30.03139513621597,9.7192138489965,100.9039108226135
127.80000000000001,2.1300000000000003,High Load,3.936544296041009,24.39390481771606,8.771341914650263,92.58514610998627
128,2.1333333333333333,High Load,3.9188454973011044,25.88725725025873,8.695304849315187,98.53012436984324
128.20000000000002,2.136666666666667,High Load,3.9427904536828633,29.04078340107857,9.899220766587508,104.85838030632993
128.4,2.14,High Load,3.935333581347994,27.937162751749824,9.564058504161768,102.95592140218663
128.6,2.143333333333333,High Load,3.9241819023130535,24.053187023937653,9.44167932088324,111.18670490398897
128.8,2.146666666666667,High Load,3.9030806221234156,23.492688107461184,9.02765449492418,96.67934352717862
129,2.15,High Load,3.939554645999034,27.963015333729768,10.662471466048176,95.5323477915504
129.20000000000002,2.1533333333333338,High Load,3.8942771243591086,28.179717004054414,9.127350870468312,102.03194359848321
129.4,2.1566666666666667,High Load,3.9229812752026496,27.370173756731955,8.719451156906645,116.54267973714724
129.6,2.1599999999999997,High Load,3.9315702876799192,32.66124258800082,9.948758929800125,107.20753086399635
129.8,2.1633333333333336,High Load,4.017925920288633,35.364863984923495,10.13093538772689,102.16086398866854
130,2.1666666666666665,High Load,3.918584195090526,34.270943418399234,9.459140808999575,103.1733250159478
130.20000000000002,2.1700000000000004,High Load,4.008385193744766,22.104963229053503,9.903570163475845,111.89602489159772
130.4,2.1733333333333333,High Load,4.014539548686267,28.523744702427916,9.473588858466922,106.16934826125609
130.6,2.1766666666666667,High Load,3.9864939451236006,26.55025998110854,10.740745654895141,102.26632719425169
130.8,2.18,High Load,4.012007584088148,27.48641987250966,9.964436879242108,94.63578672447579
131,2.183333333333333,High Load,3.9852609912843375,27.265455505167388,8.679926642415827,97.96801963527341
131.20000000000002,2.186666666666667,High Load,3.9874224307232264,29.194263685011123,9.221846293738425,91.01553679501993
131.4,2.19,High Load,4.006018789734787,30.394933569500203,10.305567519033996,106.11970379656951
131.6,2.1933333333333334,High Load,3.9979921619539702,28.241455742152326,10.787493498977902,98.45372001900058
131.8,2.1966666666666668,High Load,3.9871023826036667,30.344518503077087,9.23430181964382,102.43569446140881
132,2.2,High Load,4.026323958688464,28.171781987179006,9.879446545349966,103.21572931884961
132.20000000000002,2.2033333333333336,High Load,3.996823688151661,29.27238311289561,9.367239357570742,112.20281952560492
132.4,2.2066666666666666,High Load,3.9949095743434433,26.990348970391324,11.106609984138757,107.67432314322933
132.6,2.21,High Load,3.9493634898835963,28.047923637510742,9.434571572953955,98.96761868860867
132.8,2.2133333333333334,High Load,3.9222892598521666,26.932139715745077,10.331748346734585,103.11460411905419
133,2.216666666666667,High Load,3.9803532124665013,27.935308272137455,9.566587287779404,104.52145961993341
133.20000000000002,2.22,High Load,3.9414988538819795,27.868623156101126,9.967150986225958,107.25141774947298
133.4,2.2233333333333336,High Load,3.90303445553509,28.8964320766888,9.109133729269534,105.65666961202196
133.6,2.2266666666666666,High Load,3.9217524822833996,27.75766132124411,9.775207620506439,105.35265905669971
133.8,2.23,High Load,3.9013592150377066,24.98866608052184,10.088478624444774,103.08398094726985
134,2.2333333333333334,High Load,3.9261138934274884,28.737141804442263,8.848411448868088,107.03973027154274
134.20000000000002,2.236666666666667,High Load,3.9585000723549486,25.229882218017,10.451620416257038,107.48159646691066
134.4,2.24,High Load,3.9179564250524823,33.31241188759237,9.674041390601348,112.245367343258
134.6,2.243333333333333,High Load,3.943863034244679,23.4780558531585,8.794928517998557,98.02499561789173
134.8,2.246666666666667,High Load,3.963780105476618,33.04587406288949,9.98732178265371,109.88946667866631
135,2.25,High Load,3.942774118027176,27.853338364263763,9.979620026168286,109.29517988239728
135.20000000000002,2.2533333333333334,High Load,3.9186490349059113,26.73032473752062,9.579981519858656,102.0369093537787
135.4,2.256666666666667,High Load,3.9724111863358615,22.891143076084237,9.773933913300223,99.99465275089025
135.6,2.26,High Load,3.9611525397991603,25.26713334258908,10.383121798189228,100.72830574866592
135.8,2.2633333333333336,High Load,4.0210384383719235,26.550649612746167,9.298596024301979,109.02031085708542
136,2.2666666666666666,High Load,3.995015009802923,24.82368371748717,10.004533167908232,94.18146752144384
136.20000000000002,2.2700000000000005,High Load,3.994206841867719,27.052077488769132,9.562518964334986,101.90554591640237
136.4,2.2733333333333334,High Load,3.950992743021745,26.442952396514094,8.631358927025754,109.56290905439404
136.6,2.2766666666666664,High Load,3.9638467138799256,22.536817028877355,10.309631964209572,105.41786833358613
136.8,2.2800000000000002,High Load,4.003863189632646,30.63516464440437,9.94906350371917,113.6545998670008
137,2.283333333333333,High Load,3.9767181134032583,27.984945058847032,9.078783231431064,103.93638089187482
137.20000000000002,2.286666666666667,High Load,3.9525122974013587,23.22019141000503,8.398074106070032,102.25068712964226
137.4,2.29,High Load,3.9193298484792765,31.893556593101184,9.629057805683416,98.78967735786249
137.6,2.2933333333333334,High Load,4.017293998004032,27.604211539379182,10.374577689196958,104.03159142903685
137.8,2.296666666666667,High Load,3.97799648185669,25.224676523966405,10.399020568615969,110.45461356732771
138,2.3,High Load,3.9092007853185433,25.14171390516524,9.192929346475669,107.63717857041188
138.20000000000002,2.3033333333333337,High Load,3.9093575678117753,27.519226886319018,9.674219388295569,93.99368413531789
138.4,2.3066666666666666,High Load,3.9285383472889936,28.125115965139834,8.900229337662267,102.96715456351194
138.6,2.31,High Load,3.917014112637885,21.906307097403314,9.949542535744492,108.86584258887004
138.8,2.3133333333333335,High Load,3.955347125704988,24.05088493473815,10.314636798653636,98.13867764481942
139,2.316666666666667,High Load,3.9218395755865267,22.59154341780609,10.53502819800367,99.68237358567565
139.20000000000002,2.3200000000000003,High Load,3.9264849810312885,28.820396425412536,10.556413749020333,110.22862859894421
139.4,2.3233333333333333,High Load,3.8419719604531877,29.103451671079632,9.623450234478977,102.05413174483625
139.6,2.3266666666666667,High Load,3.9349151707331607,33.9084782438601,9.748579666721522,110.8479575248568
139.8,2.33,High Load,3.89882871684487,29.15834002276081,10.03324138133298,127.68729608774302
140,2.3333333333333335,High Load,3.9442212688840317,27.423700897131752,9.361722412474625,105.1732329565669
140.20000000000002,2.336666666666667,High Load,3.9438895506797453,29.183416716325482,9.9986083205203,104.35928598543374
140.4,2.3400000000000003,High Load,3.99065374374514,28.14487443833689,10.504917220484991,116.84066186575335
140.6,2.3433333333333333,High Load,3.9778935928140076,26.153786459154517,8.515807178246613,97.71640581286857
140.8,2.3466666666666667,High Load,3.9799410452984962,28.318133848228566,10.188676460382942,99.40742987548623
141,2.35,High Load,3.9794352620777325,29.404891461898,9.18702547714079,101.11487847737105
141.20000000000002,2.3533333333333335,High Load,3.994411944737361,22.726862047258763,10.52684167003535,97.33487942103662
141.4,2.356666666666667,High Load,3.9486127328966227,24.74346197537656,10.24800885733366,99.79474872849924
141.6,2.36,High Load,4.023738924730128,26.217122140141523,10.188258442175995,103.1635933851177
141.8,2.3633333333333337,High Load,3.984993044872377,26.988231470211243,9.91738762061022,110.81661772745225
142,2.3666666666666667,High Load,4.003663386904686,30.13636996639409,9.571706214631735,107.45525005215613
142.20000000000002,2.37,High Load,4.036830971947864,25.75431111567753,10.366632489556975,111.85498252920837
142.4,2.3733333333333335,High Load,3.934985155466225,24.21069008884786,9.685060623149774,90.64368674277208
142.6,2.3766666666666665,High Load,3.9861010899367564,26.440857702982324,10.022468670703587,100.68217389250638
142.8,2.3800000000000003,High Load,3.983459891407222,28.530182707573058,10.480664082614913,104.17738136344897
143,2.3833333333333333,High Load,3.959650031459714,23.471431978074804,10.443383646596674,107.74388476808815
143.20000000000002,2.386666666666667,High Load,3.939880122135505,24.31275679193425,10.554542016107094,102.72578690065816
143.4,2.39,High Load,3.972534940457048,26.55737576834634,10.176009470697528,97.195156692847
143.6,2.393333333333333,High Load,3.903846600081923,23.695639228191308,9.955679970625456,111.25338826205292
143.8,2.396666666666667,High Load,3.8959356496136035,29.413364389134347,8.827471329487244,108.93706367277497
144,2.4,High Load,3.9258004608489685,31.196676048580535,10.588032459245381,111.23217392619014
144.20000000000002,2.4033333333333338,High Load,3.931218164552617,27.209156274544256,9.500053042092865,108.32825553148693
144.4,2.4066666666666667,High Load,3.964698616707074,30.794020835879454,10.26699454566311,94.1998216742898
144.6,2.4099999999999997,High Load,3.9705625680133063,29.941130819963238,9.807450590969113,112.13274985303403
144.8,2.4133333333333336,High Load,3.9518103822124218,26.02325738676368,9.773113611992459,102.35007568665458
145,2.4166666666666665,High Load,3.9482738191379476,28.48864201270258,9.828429126656653,98.44417335748842
145.20000000000002,2.4200000000000004,High Load,4.014365425628664,23.781960187424897,10.258355272683982,97.4233816153074
145.4,2.4233333333333333,High Load,3.9153671911025563,31.812361073998353,10.483158261271965,104.2977524474142
145.6,2.4266666666666667,High Load,3.962170556010853,28.932351197957864,8.907622471539433,110.89703215649642
145.8,2.43,High Load,4.002628900953993,31.13313430798135,9.643680999211782,99.15712377438201
146,2.433333333333333,High Load,3.958319947219416,26.39998773527931,9.560617001279633,98.67367771265414
146.20000000000002,2.436666666666667,High Load,4.0057905391659325,20.639855282568192,9.913046329840073,92.80382606158935
146.4,2.44,High Load,3.9737707353256067,27.03329470744722,10.049986365095005,107.559453440519
146.6,2.4433333333333334,High Load,3.9770994003723072,28.70538404067798,10.063568911889517,107.84358558792407
146.8,2.4466666666666668,High Load,3.9644568047883624,29.51017136686077,10.444184078211505,103.05834672229405
147,2.45,High Load,4.009002798841683,23.217170388810448,8.741504353374458,100.2716794716087
147.20000000000002,2.4533333333333336,High Load,3.967580264741544,33.2588015213841,8.53176069791749,104.15189605482894
147.4,2.4566666666666666,High Load,3.947618279611915,31.85707069726568,9.985782065845692,100.24248426935395
147.6,2.46,High Load,3.9730371221882943,24.16932832244502,8.712025220866835,109.87980069881527
147.8,2.4633333333333334,High Load,4.01427791010327,27.297991603081453,8.688494894890994,107.0749673807017
148,2.466666666666667,High Load,3.9333887476433937,26.036982916857298,10.235410139298656,104.8663291315876
148.20000000000002,2.47,High Load,3.9294811351489805,32.469851037621595,10.491841804864698,104.07326994569797
148.4,2.4733333333333336,High Load,3.9698587079223766,30.723965698086708,9.920833870042188,92.25467042543323
148.6,2.4766666666666666,High Load,3.9219271813215575,24.365228752266347,9.976359193680354,106.0023925828419
148.8,2.48,High Load,3.8889543842750616,30.81317290054951,9.857797173302826,104.0023083203202
149,2.4833333333333334,High Load,3.913259390658406,28.566630416733002,10.414917915111422,104.41840373448896
149.20000000000002,2.486666666666667,High Load,3.9335991022724537,26.855975429457505,9.287770174505253,101.7927865623675
149.4,2.49,High Load,3.9460744471194906,28.93813966838624,10.765449844383877,113.89426512683416
149.6,2.493333333333333,High Load,3.9040002670683127,29.09663136621216,10.071656514794686,102.0777889168288
149.8,2.496666666666667,High Load,3.996004672422071,31.19188040385017,9.100683135229133,108.6324473516351
150,2.5,High Load,3.997306702385015,22.63367022274974,10.145898478242737,107.86742576514547
150.20000000000002,2.5033333333333334,High Load,3.98048108197015,27.34620243881815,8.825209271940068,99.62621473455718
150.4,2.506666666666667,High Load,3.9570211481920894,26.24386162728576,9.34886515234865,108.27892079334715
150.6,2.51,High Load,3.9762503416833397,24.025208172683257,8.928162505080124,97.43398479225495
150.8,2.5133333333333336,High Load,3.910739292096919,28.71165429896204,9.363494169988178,108.9423114887777
151,2.5166666666666666,High Load,3.956832238604986,27.567170150642404,10.356277175611275,103.15671608179035
151.20000000000002,2.5200000000000005,High Load,3.9562846389757906,28.67551062699548,9.132049823228199,87.42953355939714
151.4,2.5233333333333334,High Load,3.973771751267118,30.74484553092842,10.724958154711203,114.0104670049758
151.6,2.5266666666666664,High Load,4.040808045107677,30.939286757207462,9.587691417856755,105.91167557777806
151.8,2.5300000000000002,High Load,3.978034666137351,29.35906770013639,8.69252393579474,106.84923296962884
152,2.533333333333333,High Load,3.991286341094075,29.018719576090287,10.83569181041651,104.3730051614482
152.20000000000002,2.536666666666667,High Load,3.9529643812642727,23.87334330419594,9.93653231000333,93.19892785442859
152.4,2.54,High Load,3.978135856414465,24.981515004843597,10.290683965602724,112.15215432359415
152.6,2.5433333333333334,High Load,3.9760327459106097,24.90046789755985,9.132132196658818,102.14458881336864
152.8,2.546666666666667,High Load,3.9764302362078325,28.898291272752655,8.55974279036581,112.62329876134386
153,2.55,High Load,3.946214470184474,30.27081116239761,9.27692274312868,112.62620151341105
153.20000000000002,2.5533333333333337,High Load,3.9829211379616023,24.439460457823884,8.576712157327044,111.4701162298537
153.4,2.5566666666666666,High Load,3.8892125077211674,27.982289874559974,9.709185624357074,99.44913500227446
153.60000000000002,2.5600000000000005,High Load,3.933395065659773,30.707830260182185,10.055949941681108,111.24261145702793
153.8,2.5633333333333335,High Load,3.935936350975011,31.894237544920667,10.398015751104868,98.58846293905927
154,2.566666666666667,High Load,3.8982987914423224,28.930450306303236,10.580905844627695,106.00760797370413
154.20000000000002,2.5700000000000003,High Load,3.949468737179381,29.00325942871319,10.457236010933423,109.34549523532984
154.4,2.5733333333333333,High Load,3.9391528972353407,27.900847437493223,9.895986716826243,100.39390922133329
154.60000000000002,2.576666666666667,High Load,3.9478476481734655,25.09094485363812,10.30610738744812,111.48518352000666
154.8,2.58,High Load,3.9795207503656456,26.60777375088571,10.630115186756514,98.49754822119604
155,2.5833333333333335,High Load,3.9512379651532736,27.8144352532797,10.178008763580646,107.99029439142804
155.20000000000002,2.586666666666667,High Load,3.9827432938575598,26.713615375821686,9.082833760952612,102.17540202222834
155.4,2.5900000000000003,High Load,3.9655459382297384,25.386949732500764,9.528067736191066,96.71425577036639
155.60000000000002,2.5933333333333337,High Load,3.9850975190168647,26.352015771495847,10.32545000146351,113.37997446956277
155.8,2.5966666666666667,High Load,4.073959629404497,19.7495554969668,11.128419957855087,93.35262356776964
156,2.6,High Load,3.9647334675402135,26.74416857312519,9.600222424073802,112.76227954979089
156.20000000000002,2.6033333333333335,High Load,4.012715610892229,22.70846707574612,9.869982088793396,97.46172421839393
156.4,2.606666666666667,High Load,4.077899058023739,23.71753680922574,9.835371961068773,112.04906234097501
156.60000000000002,2.6100000000000003,High Load,3.9822464410020886,29.553331840829017,8.92797533447583,120.29444491141075
156.8,2.6133333333333337,High Load,4.035187543215608,24.910070386447686,10.042747737050627,106.46408585842336
157,2.6166666666666667,High Load,3.9411777284340266,22.957255148086677,9.289522873479715,88.40981027700727
157.20000000000002,2.62,High Load,3.9810553016414834,24.339410353676143,9.336414305749503,103.56084901032924
157.4,2.6233333333333335,High Load,3.9263268302792995,31.027063397560354,9.636792553965519,113.69316710305907
157.60000000000002,2.626666666666667,High Load,3.903261694238962,26.572189420073475,9.964516051024356,101.68770737117272
157.8,2.6300000000000003,High Load,3.9121321694333866,29.750130973347034,10.119432525946067,98.77728692807625
158,2.6333333333333333,High Load,3.8976853994699705,19.609554278288613,10.182285523273158,111.15585561873787
158.20000000000002,2.636666666666667,High Load,3.9084827906052046,27.75934180062538,9.55046441319133,98.14003190426705
158.4,2.64,High Load,3.889926095477713,20.318230488231293,9.00008620525861,102.29169436143316
158.60000000000002,2.6433333333333335,High Load,3.9127593881527907,28.25057841282751,10.42929339493058,107.09815274982343
158.8,2.646666666666667,High Load,3.9329844369394,27.268011931257988,10.115928969940793,104.81747802320429
159,2.65,High Load,3.8865629437854072,20.939114487600136,10.233345099804655,110.57070490661295
159.20000000000002,2.6533333333333338,High Load,3.921230813827473,31.993401856791095,9.035128961601178,107.6449732382995
159.4,2.6566666666666667,High Load,3.8637458257990183,25.97155884779378,9.24455878773051,106.28814675494547
159.60000000000002,2.6600000000000006,High Load,3.937100550236666,23.36251784357286,10.01806455581995,95.04409809895063
159.8,2.6633333333333336,High Load,3.9545962555381897,28.81153891046668,10.184169747541599,115.6797630919576
160,2.6666666666666665,High Load,3.9199708757734117,23.68062793660549,9.215251181436345,106.17734487638208
160.20000000000002,2.6700000000000004,High Load,3.9782502992176267,29.063424664785444,11.05446108199448,106.83433072955904
160.4,2.6733333333333333,High Load,4.041992406652487,29.565930011259585,9.299119344776631,111.51383369688615
160.60000000000002,2.676666666666667,High Load,3.9829046801557095,29.79813993291394,10.453568476243317,106.19834363215182
160.8,2.68,High Load,3.9769751642844384,29.667695280925372,10.746440352136448,110.94267355019133
161,2.683333333333333,High Load,4.070524409203403,25.73231317620229,10.940817142486999,107.5798569755117
161.20000000000002,2.686666666666667,High Load,4.0147055903957884,24.18850261299634,9.135176711912102,87.24419141524066
161.4,2.69,High Load,4.0037981221531,26.412936963038327,9.87547991736009,97.54808062929878
161.60000000000002,2.693333333333334,High Load,4.035949523676762,23.086706075355256,9.4974118446066491,104.41906759644667
161.8,2.6966666666666668,High Load,4.031791704090372,26.571801170788326,9.128914637518209,108.15898076802907
162,2.7,High Load,3.934288492837381,23.03838068736009,9.066714275599779,104.6301176141308
162.20000000000002,2.7033333333333336,High Load,3.986977298147522,29.720792489003365,9.83959863033193,101.67906967307263
162.4,2.7066666666666666,High Load,3.9409913444890585,27.19268123176674,9.326374247701713,102.2474552549618
162.60000000000002,2.7100000000000004,High Load,3.932442962993298,25.45430130829599,10.526897681393264,115.88181630868507
162.8,2.7133333333333334,High Load,3.9131434908418345,27.491330718239478,9.84011381972736,106.28769266247399
163,2.716666666666667,High Load,3.8553618247444836,31.31067544209465,9.164009867541305,98.88401083888122
163.20000000000002,2.72,High Load,3.9445603452202227,24.265409745261064,10.306418420967598,103.5194906268488
163.4,2.7233333333333336,High Load,3.888848510432755,26.27383505829252,9.951832522837897,98.57662086806161
163.60000000000002,2.726666666666667,High Load,3.9506340919305845,20.294745721558158,10.032500849078998,109.27573793071377
163.8,2.73,High Load,3.928763037949007,28.207576869983548,9.663821995062873,101.56707274930983
164,2.7333333333333334,High Load,3.8528509711458754,29.964643905490377,10.672798277706825,98.38344061278528
164.20000000000002,2.736666666666667,High Load,3.889223042993876,29.72467442486485,8.969654379539701,105.65897077665252
164.4,2.74,High Load,3.9642044966991485,27.071818315355575,9.637462566796493,103.15398086894457
164.60000000000002,2.7433333333333336,High Load,3.9155975700922485,26.97928946788099,11.02887847030263,102.9811026741086
164.8,2.746666666666667,High Load,3.8749574572361607,24.346809348297374,10.661210060327374,98.36399120644505
165,2.75,High Load,4.046414987208535,26.407375434082955,9.474456110674515,109.60339465797753
165.20000000000002,2.7533333333333334,High Load,3.9776843586451363,29.45737414748065,10.262491028012697,105.23583671582831
165.4,2.756666666666667,High Load,3.9613851632275088,20.087888493175367,10.476884198946653,108.8558902794322
165.60000000000002,2.7600000000000002,High Load,4.047409716868598,29.826557058230563,10.539664746220751,112.60646245047168
165.8,2.7633333333333336,High Load,4.0437190439121204,23.76188262838939,10.082255324679915,116.38752727738188
166,2.7666666666666666,High Load,4.0026522686898645,33.77614179737282,9.297447130889456,99.20838512227422
166.20000000000002,2.7700000000000005,High Load,3.9419846444170035,24.635244298911672,9.739026435755866,110.67339258176999
166.4,2.7733333333333334,High Load,3.9775107955812876,27.93540078144843,9.651293614424166,84.72531782184652
166.60000000000002,2.776666666666667,High Load,3.995596359536081,28.137529795442312,10.142548346599582,98.87084104171714
166.8,2.7800000000000002,High Load,3.95330221887078,31.698877366602655,9.970431781199105,117.42453513751614
167,2.783333333333333,High Load,3.9446358106401207,20.997130012766256,9.33475173044958,106.4469573946794
167.20000000000002,2.786666666666667,High Load,3.941492743841258,25.78323708129661,10.386453811183529,101.2537065740788
167.4,2.79,High Load,3.8742881648824974,21.0630778213585,10.131054418733948,113.21630075371806
167.60000000000002,2.793333333333334,High Load,3.990658280920817,29.817663946363275,9.614084865672977,100.59535222960565
167.8,2.796666666666667,High Load,3.96258322557406,26.812045253924882,10.86806101537257,99.79807674963355
168,2.8,High Load,3.8904697526544765,29.283707710027,10.344914693868695,100.72616836188267
168.20000000000002,2.8033333333333337,High Load,3.912613541277848,28.448398670762597,9.209605285005766,102.22021489929224
168.4,2.8066666666666666,High Load,3.881513433344014,24.843937403003597,9.455991548758213,118.73616943814747
168.60000000000002,2.8100000000000005,High Load,3.9299675426123146,31.27882321389684,9.880597820124823,98.90931168121739
168.8,2.8133333333333335,High Load,3.8994517391908285,29.931048530417296,9.118293613374847,111.35991893316141
169,2.816666666666667,High Load,3.949192618696051,31.607357112902754,9.805832418150787,109.2963003789662
169.20000000000002,2.8200000000000003,High Load,3.945177521534897,28.712707791837637,9.135833435223255,110.32353911204113
169.4,2.8233333333333333,High Load,3.863952790084964,29.09897505121754,9.15980464518216,99.99884242138465
169.60000000000002,2.826666666666667,High Load,3.9119013342462483,26.070195996783486,9.945060917568448,96.0969512759372
169.8,2.83,High Load,3.900442185098832,26.595560734091542,9.347487777816058,105.19144358521997
170,2.8333333333333335,High Load,3.9457009789583606,22.794633638928282,9.24774083938687,104.91768162601532
170.20000000000002,2.836666666666667,High Load,3.9677336665578347,27.09097594027916,9.510711626128638,95.29864640189044
170.4,2.8400000000000003,High Load,3.926127082804807,23.791256330758852,9.714748381455703,97.74021326725538
170.60000000000002,2.8433333333333337,High Load,4.000764955096544,27.04744544176398,10.262955581249642,106.16989048438612
170.8,2.8466666666666667,High Load,4.00766270308226,29.73934551010673,9.246858777426933,105.89757660983615
171,2.85,High Load,4.019781171831075,29.398055810899642,8.7957130171983,111.56607303940449
171.20000000000002,2.8533333333333335,High Load,3.9493979841888898,30.098697861027567,8.803912290364908,105.94141700982256
171.4,2.856666666666667,High Load,3.9711532431072722,27.627383808002826,9.281107768751513,108.85549787094847
171.60000000000002,2.8600000000000003,High Load,4.011731724394284,27.545572686680607,9.315586683369693,105.23386479466673
171.8,2.8633333333333337,High Load,3.991878930266567,23.960269788668757,9.643897375030239,103.79901565589986
172,2.8666666666666667,High Load,3.9495746976048753,31.165678007331167,10.642775833333706,106.65845655828737
172.20000000000002,2.87,High Load,3.9620378395900118,27.522409283022288,9.495535641943949,104.74299630315349
172.4,2.8733333333333335,High Load,3.979926903244924,30.960990319896414,9.974831611527646,94.73399989530606
172.60000000000002,2.876666666666667,High Load,3.9014609391278245,27.8328053743398,9.895653324952441,104.43277147659578
172.8,2.8800000000000003,High Load,3.9409090647223977,26.879215749350866,9.16993829502888,105.88689884461088
173,2.8833333333333333,High Load,3.874659147136851,30.504515858368325,9.212915049940094,96.96752619864549
173.20000000000002,2.886666666666667,High Load,3.876557423200189,25.75922612571601,9.930783651711236,104.54971298591536
173.4,2.89,High Load,3.9425488365255896,21.412142115828953,9.6812518662871625,116.58869650729164
173.60000000000002,2.8933333333333335,High Load,3.8668844086939473,26.63742014820471,9.456655771736107,89.05957065380574
173.8,2.896666666666667,High Load,3.856343204972195,26.07304061531997,9.318774648874522,114.84197172821989
174,2.9,High Load,3.88319504755437,27.65728695450928,9.624559311891874,96.69685465748726
174.20000000000002,2.9033333333333338,High Load,3.868704419755671,28.580968192283756,9.046438702162387,114.27879707478445
174.4,2.9066666666666667,High Load,3.924303230837814,29.6609513236563,9.030246600230202,99.93196522371154
174.60000000000002,2.9100000000000006,High Load,3.9085373047664165,27.047425800014917,9.61290619124694,108.7166310563134
174.8,2.9133333333333336,High Load,3.955795878847694,27.056219275070063,9.303811634589113,111.84863686884506
175,2.9166666666666665,High Load,3.9540538685397095,25.178876596725026,8.81205373638574,107.78405878677898
175.20000000000002,2.9200000000000004,High Load,3.9328778459994624,20.974320297244525,10.483527352294452,102.06561758416063
175.4,2.9233333333333333,High Load,3.9516817698378235,28.909413349128286,10.155997755907395,112.503245382871
175.60000000000002,2.926666666666667,High Load,3.9761270406039486,24.556804062153162,9.336869213959876,99.0113732547842
175.8,2.93,High Load,3.958298390815617,27.265037679549653,9.991038290253506,110.41152469714419
176,2.933333333333333,High Load,3.959247953180119,32.150197874980364,9.34774144960617,105.77575007516813
176.20000000000002,2.936666666666667,High Load,4.03149680544633,27.82910467190695,9.654235237767875,104.36109441806516
176.4,2.94,High Load,3.975557711528856,27.397699431921286,8.628380792104386,109.44574481357826
176.60000000000002,2.943333333333334,High Load,4.016625692885285,31.12404970904101,9.375562265295477,100.04830148489069
176.8,2.9466666666666668,High Load,3.9832333065893746,28.52571428117433,10.232255492519167,104.83895601198648
177,2.95,High Load,3.986172054645981,30.95157286477862,9.249281915047643,93.00296904435316
177.20000000000002,2.9533333333333336,High Load,3.932133166895584,31.623705392496642,9.471729845680558,109.47393958583093
177.4,2.9566666666666666,High Load,3.951733461624641,29.39377490960473,9.24671719385068,108.53026902080622
177.60000000000002,2.9600000000000004,High Load,3.938128202547756,25.381366185270448,10.325089044807466,112.39169253095864
177.8,2.9633333333333334,High Load,3.889178265292544,28.775175928709665,9.450181454746764,109.66906702656499
178,2.966666666666667,High Load,3.908475235302784,34.021709954547134,9.547296201580798,105.40877798275267
178.20000000000002,2.97,High Load,3.9077134671847262,24.674049405690507,9.770864000131098,93.31511291466093
178.4,2.9733333333333336,High Load,3.917282599175709,26.48640686188094,9.226724551565903,108.51515657884195
178.60000000000002,2.976666666666667,High Load,3.894952828642669,34.56181152558548,9.305297094939363,107.34373555807002
178.8,2.98,High Load,3.9276221552179837,29.276948186811804,9.769479823304172,109.70185140254769
179,2.9833333333333334,High Load,3.927438458755134,29.993023570242826,9.724100088804974,107.09875611691295
179.20000000000002,2.986666666666667,High Load,3.851141528235892,29.626943872982018,9.6319395203447,114.91276401281502
179.4,2.99,High Load,3.884293212633204,28.780123233413683,10.456171518095434,107.34569906566423
179.60000000000002,2.9933333333333336,High Load,3.881337360777781,27.15928196806331,9.78942149431507,103.51265332226778
179.8,2.996666666666667,High Load,3.925037453910253,27.02872147419111,9.402940481498172,102.98684577019193
180,3,High Load,4.001188132907349,26.558077904341186,10.337032983528257,102.435670682591
180.20000000000002,3.0033333333333334,High Load,3.9658798349328777,27.293931957945553,10.183034449833691,97.80020307754086
180.4,3.006666666666667,High Load,3.927197796200306,25.61459045437597,9.259480059936463,89.03219606116924
180.60000000000002,3.0100000000000002,High Load,3.9863502457829774,26.465599887455348,9.86050895077014,110.93412898309998
180.8,3.0133333333333336,High Load,3.9692501267523275,24.982608321997024,10.97680486290754,106.05966784222626
181,3.0166666666666666,High Load,3.987915893488007,28.889233307459026,9.311679955213215,109.33347592815102
181.20000000000002,3.0200000000000005,High Load,3.989312980015854,27.593713753605993,9.372966533003673,119.60267451127226
181.4,3.0233333333333334,High Load,3.9388950705772237,30.256965577110375,10.288766525615532,110.00156043893983
181.60000000000002,3.026666666666667,High Load,4.019711416739812,29.604743842852386,10.15184755770158,99.8952153672607
181.8,3.0300000000000002,High Load,4.004311329572012,30.185215048549185,9.773243416808153,109.9641637535271
182,3.033333333333333,High Load,3.956156820358829,26.899076954574717,9.341962637237208,106.60091748655937
182.20000000000002,3.036666666666667,High Load,3.9155332095363096,25.43284037240031,11.15858126529523,98.55649157383189
182.4,3.04,High Load,3.902264356800508,30.85351664057738,10.24488580878253,93.3273020291629
182.60000000000002,3.043333333333334,High Load,3.9680017132584577,27.602946088044526,10.118997350601713,110.46849662393062
182.8,3.046666666666667,High Load,3.957433515370978,24.79436458443296,9.497903226014564,97.47582707310043
183,3.05,High Load,3.901541393441432,27.74815257867005,10.056709441128499,102.85001109905456
183.20000000000002,3.0533333333333337,High Load,3.9285559645471797,29.15525538622535,10.209406776716037,99.03334570985325
183.4,3.0566666666666666,High Load,3.92221380806242,30.851602831139626,10.48321513893572,100.96103020311139
183.60000000000002,3.0600000000000005,High Load,3.9558452701222806,27.574819627497465,9.779616054374191,114.52986254079391
183.8,3.0633333333333335,High Load,3.9206330099779407,27.09750655521134,9.0386243637692,108.16092728511065
184,3.066666666666667,High Load,3.9647338064879984,31.318185009892588,10.046632671432937,109.36916416767316
184.20000000000002,3.0700000000000003,High Load,3.918467304319402,25.011715982024047,9.560331635949144,106.94816059485224
184.4,3.0733333333333333,High Load,3.939727690603594,27.585595709961215,10.976203639566753,111.2365819081617
184.60000000000002,3.076666666666667,High Load,3.9553822581997293,27.404222996208734,9.94159753666529,119.74514532168409
184.8,3.08,High Load,3.9322682497062336,32.17686174862241,9.133524821044892,110.78409247013441
185,3.0833333333333335,High Load,4.0080740572827285,27.232255998863923,9.290634297938862,97.7645878495372
185.20000000000002,3.086666666666667,High Load,3.9761755166067325,31.4720498470604,9.501969928835157,100.6407746515994
185.4,3.0900000000000003,High Load,4.001324281123829,31.05482586995018,10.676331058429524,105.27567990748136
185.60000000000002,3.0933333333333337,High Load,3.9816048713346346,26.173097473408156,9.318099208481886,101.67696596315497
185.8,3.0966666666666667,High Load,4.0167929617712765,30.95936977555678,8.997752297563563,112.00165875424292
186,3.1,High Load,3.9821621259405857,33.753337163375264,11.077201327961856,99.78168240966308
186.20000000000002,3.1033333333333335,High Load,4.007323830756475,28.550648405163145,9.327623580773256,104.64007584052723
186.4,3.106666666666667,High Load,4.000376017883335,29.142980247514238,9.979367911548758,107.78762081367836
186.60000000000002,3.1100000000000003,High Load,4.0172488919832325,25.836117544493945,10.80721686519871,105.31655223245745
186.8,3.1133333333333337,High Load,3.988727482545264,28.68135188130495,9.857876928293324,106.42576403068108
187,3.1166666666666667,High Load,3.972782096342327,27.605225326963296,10.73256917226903,110.94111933054764
187.20000000000002,3.12,High Load,3.9423832573557736,26.252302052347957,9.64184497451393,99.89726672841851
187.4,3.1233333333333335,High Load,3.920060959915743,30.162203482434684,9.14812294108673,109.0629687957837
187.60000000000002,3.126666666666667,High Load,3.902643873940521,25.85847408616762,10.353644342733904,105.83745166636129
187.8,3.1300000000000003,High Load,3.954771937239985,26.33133383215284,9.993305337675427,102.8542183612244
188,3.1333333333333333,High Load,3.8799082806303398,23.818450980771736,9.72476483526086,112.97615448506517
188.20000000000002,3.136666666666667,High Load,3.9314540092081383,20.557595412262515,10.3123313139102,114.11781751702362
188.4,3.14,High Load,3.8894985159379942,27.027934175958233,9.65446709338733,98.82772304092639
188.60000000000002,3.1433333333333335,High Load,3.9348413874735426,28.249306364833718,9.70379391636933,110.78265734942795
188.8,3.146666666666667,High Load,3.9292548382557433,27.447985842493733,10.903180986952497,111.42397920548729
189,3.15,High Load,3.8853640783863024,25.452424180284964,9.706279008081687,107.74970886192564
189.20000000000002,3.1533333333333338,High Load,3.8964023506504213,25.46346535464956,9.848837299165325,115.9450429387633
189.4,3.1566666666666667,High Load,3.8877582336199907,25.963336696375865,10.425423020008202,105.11124335445211
189.60000000000002,3.1600000000000006,High Load,3.8664215676236484,33.6490932489514,10.901236304052428,92.6741236682864
189.8,3.1633333333333336,High Load,3.963079104415166,29.76370653517554,9.860629495356617,95.70685784301305
190,3.1666666666666665,High Load,3.951846842906261,23.613906885624356,9.81930769357149,102.50618444029516
190.20000000000002,3.1700000000000004,High Load,3.996150877225388,34.01368589951558,9.198573388014704,97.24043715840878
190.4,3.1733333333333333,High Load,3.9663812483753893,34.01687653852368,8.933525362576843,108.30315649711284
190.60000000000002,3.176666666666667,High Load,4.038196344228606,29.427065997855937,10.072250200145199,96.88479886880612
190.8,3.18,High Load,3.9567393044759194,31.26304325184489,10.250788926781835,119.10758064721904
191,3.183333333333333,High Load,3.9711272508159365,27.20160553355792,8.658355057277173,108.59446821325568
191.20000000000002,3.186666666666667,High Load,3.949680694818701,32.73262449840737,9.0694182853003,107.11580796054888
191.4,3.19,High Load,4.020722926647816,26.691899211669305,9.603798836038205,107.27485682275565
191.60000000000002,3.193333333333334,High Load,3.9811143178185144,29.415707931229495,9.015704241641343,117.93874391532579
191.8,3.1966666666666668,High Load,4.018726885155772,29.41064356973614,9.128479976520955,105.89688949391144
192,3.2,High Load,3.9578842057800157,27.06718969276977,9.518388679584104,103.97292914538117
192.20000000000002,3.2033333333333336,High Load,3.9928449100746772,30.752258222272037,10.37888148954937,108.44891231563803
192.4,3.2066666666666666,High Load,3.995058448429143,25.118592109807324,9.126200796955818,113.64802490523205
192.60000000000002,3.2100000000000004,High Load,3.9073152214780364,28.710248582335623,8.559756826048117,108.73992363653645
192.8,3.2133333333333334,High Load,3.8970171409786865,28.430341908290572,9.285193814023541,95.5116035780772
193,3.216666666666667,High Load,3.9303384687117457,27.676375842554005,9.63171568974772,102.71440273820829
193.20000000000002,3.22,High Load,3.9053836093816634,27.05767494541717,9.11524552229646,109.96334353080132
193.4,3.2233333333333336,High Load,3.9149550884132287,29.44982066330218,9.412940694003302,96.59844152028298
193.60000000000002,3.226666666666667,High Load,3.90844134187251,27.370672783626283,10.084730852031809,98.68189690626706
193.8,3.23,High Load,3.891591931448369,29.53475605912006,9.055804306450229,105.58602532811749
194,3.2333333333333334,High Load,3.8678342945689512,26.36786388773004,9.950317563450367,99.17516667120847
194.20000000000002,3.236666666666667,High Load,3.879121428080157,28.782588622367925,10.179041460156444,108.52213579727926
194.4,3.24,High Load,3.867770257691332,23.75474325119243,9.50937979847876,108.83137874965446
194.60000000000002,3.2433333333333336,High Load,3.921762445355173,28.655402393977276,10.00613442943565,99.6377568038278
194.8,3.246666666666667,High Load,3.9494402304348455,28.777288521150734,9.337390631760922,113.56158261795976
195,3.25,Normal,3.9766638184777054,38.360960461346664,7.74066255233911,90.83116323715974
195.20000000000002,3.2533333333333334,Normal,3.9306790937734952,42.120189892572434,8.468933109753145,84.58814609212912
195.4,3.256666666666667,Normal,3.981612924524399,40.70313109336554,8.439482500556739,90.24052609629854
195.60000000000002,3.2600000000000002,Normal,3.9273097120795275,44.28778523409447,8.745383230812985,92.53281897920434
195.8,3.2633333333333336,Normal,3.9587394344098707,45.11808153268866,8.529930392617104,89.37213841949449
196,3.2666666666666666,Normal,3.9907304411170115,38.659152737384844,8.340755609153042,94.77174051181724
196.20000000000002,3.2700000000000005,Normal,3.9365795330228885,41.41303732016077,8.246173248610859,91.2374942633786
196.4,3.2733333333333334,Normal,3.9970011092691604,47.52569655510229,9.228459388631444,88.50906518312821
196.60000000000002,3.276666666666667,Normal,3.964468225515687,44.04747772116186,9.088891827886414,89.44958603833713
196.8,3.2800000000000002,Normal,3.9494200061808984,44.94512234651495,8.785143798159336,90.91040864032715
197,3.283333333333333,Normal,3.938189880839439,39.56564515002876,7.156149666684299,97.41084942836441
197.20000000000002,3.286666666666667,Normal,3.9557040735947746,44.981301104262826,9.43774770106692,88.64958196265201
197.4,3.29,Normal,3.95631473468415,36.983501782246364,7.8575944244676075,91.56956143503372
197.60000000000002,3.293333333333334,Normal,3.9503365653162126,41.083750227366394,8.59470815507265,99.66772178604275
197.8,3.296666666666667,Normal,3.8944077513253545,40.198157563952265,8.527603499874303,96.37673458025482
198,3.3,Normal,3.8978271583349082,46.313802083284166,8.63675618843102,91.80826713233645
198.20000000000002,3.3033333333333337,Normal,3.8905051071965864,40.96044992630242,8.839858779616453,100.15683390858769
198.4,3.3066666666666666,Normal,3.9231142086021227,40.84753979176694,8.43786510882208,96.48568771125183
198.60000000000002,3.3100000000000005,Normal,3.919905126110957,39.82250770197346,8.883952508959844,92.0335532176949
198.8,3.3133333333333335,Normal,3.964284587751403,42.29995466602747,8.494112100062091,99.35671374745544
199,3.316666666666667,Normal,3.924047456073334,43.53130579535685,7.557371141821866,91.31188849733735
199.20000000000002,3.3200000000000003,Normal,3.887709720248197,37.3065812595231,8.847280788250762,92.41330199955034
199.4,3.3233333333333333,Normal,3.8905264369456365,41.6337055147631,7.565022664596106,95.0475889394284
199.60000000000002,3.326666666666667,Normal,3.9707264387151975,46.55744071885847,8.174386493120913,96.56951321268518
199.8,3.33,Normal,3.925468717993618,40.66654543373743,9.402735526323793,97.98709027596763
200,3.3333333333333335,Normal,3.976649019111158,39.38748686985786,8.744345967974054,100.1098283824127
200.20000000000002,3.336666666666667,Normal,3.9686748161982073,43.804108619407295,8.910853731043403,88.41215218390774
200.4,3.3400000000000003,Normal,3.989340882362682,43.81243920799215,8.2690273010245825,100.13130494123244
200.60000000000002,3.3433333333333337,Normal,3.956744796149459,37.73660044597874,8.107957120353682,93.79005081695469
200.8,3.3466666666666667,Normal,3.9389926735130043,47.17779194688556,7.995779347700809,88.75413304931713
201,3.35,Normal,3.991208605279402,42.57494187678525,8.700106688220519,104.17337518897537
201.20000000000002,3.3533333333333335,Normal,4.00490855862837,47.14521090481266,8.494546389890212,91.40904962630664
201.4,3.356666666666667,Normal,3.9917998085664665,38.79386640054719,8.351049077417787,86.35862322642022
201.60000000000002,3.3600000000000003,Normal,4.025704585984916,42.349324055861864,8.868903572898397,97.35630856509133
201.8,3.3633333333333337,Normal,3.9722655484149776,41.32948585330241,7.50152682280154,85.52603696131344
202,3.3666666666666667,Normal,3.929363556968893,47.82489479203328,8.328080452323855,88.13151655110607
202.20000000000002,3.37,Normal,3.96862241376976,39.66820424846538,8.731891132872715,92.68707922394947
202.4,3.3733333333333335,Normal,3.9382326074259533,44.37263204948612,9.328441962335113,89.64723366687316
202.60000000000002,3.376666666666667,Normal,3.965276680874959,38.68649762809924,8.076178651221618,91.63290683576157
202.8,3.3800000000000003,Normal,3.907293016878029,42.923202818517474,7.887119560751227,95.83322933145783
203,3.3833333333333333,Normal,3.892618777289577,45.56419666736168,8.761117140768254,93.25544185728023
203.20000000000002,3.386666666666667,Normal,3.861795911056701,48.35868915900551,8.349088965403967,87.32117834633642
203.4,3.39,Normal,3.864047875159403,39.70088863876755,8.341576944834927,97.35150821956822
203.60000000000002,3.3933333333333335,Normal,3.864489106644736,41.20456753302636,7.698549997048858,95.08484315309973
203.8,3.396666666666667,Normal,3.82872456459752,44.17237797939542,8.831647349130916,98.93912313652478
204,3.4,Normal,3.9216798113029263,35.60485949008844,8.756852009761918,95.48111484607541
204.20000000000002,3.4033333333333338,Normal,3.9278771091571385,37.60632482632842,8.639885040833823,83.84686354529039
204.4,3.4066666666666667,Normal,3.8817198578096357,42.33345252531509,8.235535310139241,93.58994890332258
204.60000000000002,3.4100000000000006,Normal,3.9148098539516583,39.89919027951097,8.173802433048484,96.52809188845089
204.8,3.4133333333333336,Normal,3.9435388615991744,44.3048410286047,8.313683945164742,101.29991149138675
205,3.4166666666666665,Normal,3.9637108107237604,44.56172521936128,8.835554479247905,88.56848246120578
205.20000000000002,3.4200000000000004,Normal,3.9607082088175396,51.91395675284946,8.21098358581157,84.53174795361488
205.4,3.4233333333333333,Normal,3.9707045480393233,39.14209839794161,8.058426717883385,88.21895394534172
205.60000000000002,3.426666666666667,Normal,3.971595980287165,39.08234934240262,8.51114047026765,88.34984586678368
205.8,3.43,Normal,3.94103320415736,40.641159709565,8.128804881363052,94.46336926340108
206,3.433333333333333,Normal,3.9816461366222295,40.711983674312314,7.818956217335104,90.87425865665585
206.20000000000002,3.436666666666667,Normal,4.008062566779758,44.92613596116991,8.870884238232684,94.69331654409821
206.4,3.44,Normal,3.9567205830417174,38.47767701097839,9.160063087886154,101.07328234590345
206.60000000000002,3.443333333333334,Normal,4.004814616546577,41.31310667618711,8.743469357360667,103.7836523525676
206.8,3.4466666666666668,Normal,3.9842883078090217,43.421330833863266,8.453551780070244,94.33590054286424
207,3.45,Normal,3.9669384439476034,45.351857884330116,8.685400177884736,94.35591021382875
207.20000000000002,3.4533333333333336,Normal,3.9523587925839587,40.40925556701324,8.673128858725681,93.74227613056188
207.4,3.4566666666666666,Normal,3.9948664926952047,40.7929848790537,8.952741543186434,88.50340315943214
207.60000000000002,3.4600000000000004,Normal,3.935179500719582,45.64043591138996,8.857750799069965,91.74568258104371
207.8,3.4633333333333334,Normal,3.9018140370746885,38.69591863639207,7.560951982529878,91.1520123006905
208,3.466666666666667,Normal,3.9265080815706326,36.22588656451845,8.28634477525168,101.59618336203361
208.20000000000002,3.47,Normal,3.889256411895531,42.99528908132376,8.22374494157577,93.52942918195315
208.4,3.4733333333333336,Normal,3.87867041281434,38.0820238538224,8.054172364386524,88.65866834071005
208.60000000000002,3.476666666666667,Normal,3.841027325616465,41.14863494047996,9.232835149589922,100.25109751256267
208.8,3.48,Normal,3.9066861928336603,38.96858776298688,9.057610794367335,91.27497550945132
209,3.4833333333333334,Normal,3.8871023150656137,41.26570772815412,8.295993837086455,95.4183082777646
209.20000000000002,3.486666666666667,Normal,3.9250344858660986,39.638738009352146,8.440664197999327,95.16459936799505
209.4,3.49,Normal,3.887113951290598,45.479670786378016,8.461559390398453,95.90234410512711
209.60000000000002,3.4933333333333336,Normal,3.917601634667075,40.361494774129845,7.843785377346982,89.92516510162902
209.8,3.496666666666667,Normal,3.922033316403093,47.68914907479771,8.386147765576672,96.19240513843178
210,3.5,Normal,3.946496675205635,45.92027361138873,8.778154363174888,91.38528488300602
210.20000000000002,3.5033333333333334,Normal,3.930989017963557,39.47041221784799,8.832592169677024,90.49102588858536
210.4,3.506666666666667,Normal,3.986456699303496,34.63167796231634,9.047291823083045,91.60530289586461
210.60000000000002,3.5100000000000002,Normal,3.9645554286355273,39.22130364168798,8.772421248300521,91.09146438996251
210.8,3.5133333333333336,Normal,4.029666019751888,42.66448804053934,8.124065821202683,85.7918715115072
211,3.5166666666666666,Normal,4.0530050366531425,43.161531184523604,8.61139549436215,88.23189318372214
211.20000000000002,3.5200000000000005,Normal,3.997895551584451,44.69272055166371,8.323757412117974,96.80910304532614
211.4,3.5233333333333334,Normal,3.947860610495884,41.26982581834162,8.384306712801385,94.39777717171954
211.60000000000002,3.526666666666667,Normal,3.9711928342224456,44.86420838799132,8.67532518653584,93.1201720954373
211.8,3.5300000000000002,Normal,3.953701605639792,41.09736795003196,8.492661029371297,99.3326544224458
212,3.533333333333333,Normal,4.004411513679366,43.23450673469408,7.738282791311656,84.04367627236371
212.20000000000002,3.536666666666667,Normal,3.9925262713706204,42.441711969839524,9.333274192858129,96.98741123215731
212.4,3.54,Normal,3.925918718339752,45.494655858831564,8.535755814122274,84.35282716107596
212.60000000000002,3.543333333333334,Normal,3.9298922541158348,41.887821425145695,8.539433040657807,87.11965956228461
212.8,3.546666666666667,Normal,3.888703804912029,39.55141917025881,8.69640208074259,92.53494189479454
213,3.55,Normal,3.9381921206117094,50.743192375078976,8.134612620102743,90.883223642263
213.20000000000002,3.5533333333333337,Normal,3.9221163713646785,38.24326751622071,8.94761606560444,96.14608353364468
213.4,3.5566666666666666,Normal,3.937475642234418,42.651463671157906,9.59958997525468,83.04416136738992
213.60000000000002,3.5600000000000005,Normal,3.863509697859587,39.487540292323544,8.433692510952907,95.16030096644002
213.8,3.5633333333333335,Normal,3.9069388423069067,43.57061271790398,9.15238947737481,96.89115507787378
214,3.566666666666667,Normal,3.882275639966532,44.41716318642327,8.957194003620105,104.7985720634741
214.20000000000002,3.5700000000000003,Normal,3.929395411481056,45.175276665829664,8.37995637104775,96.93695495928934
214.4,3.5733333333333333,Normal,3.94753177390685,36.20397328378335,8.230430826575592,92.57219672615552
214.60000000000002,3.576666666666667,Normal,3.89118095118791,45.176086996200844,7.45329186282103,96.88049055817474
214.8,3.58,Normal,3.937689427879866,48.676643052000145,8.280259416198813,99.33254596042582
215,3.5833333333333335,Normal,3.9027820236282555,41.15665492627079,8.187263175086853,94.77902054880143
215.20000000000002,3.586666666666667,Normal,3.961839581002501,38.61163005100351,7.534546921221326,89.16618416986108
215.4,3.5900000000000003,Normal,3.9133298651094366,38.23845940325494,8.744913434768476,88.86798962967354
215.60000000000002,3.5933333333333337,Normal,4.028071641116564,38.30027202355388,8.263069230516425,93.64780148913093
215.8,3.5966666666666667,Normal,4.036954377767551,44.028967901043266,8.925583179290117,88.23448276606793
216,3.6,Normal,4.000016708954536,42.973763058950325,8.525153692101226,88.02551341022831
216.20000000000002,3.6033333333333335,Normal,3.9733676039519255,34.27854171570013,8.067220385594359,95.47879702188204
216.4,3.606666666666667,Normal,3.9942417311063085,46.2215417947311,7.604108639492851,88.9623463304548
216.60000000000002,3.6100000000000003,Normal,3.9476226556604423,44.0212017092934,8.575254134962245,89.96686505935816
216.8,3.6133333333333337,Normal,3.918547877119568,39.40453020086986,7.0797476447360195,94.25262543363489
217,3.6166666666666667,Normal,3.9677376316230313,46.29341503755423,8.669662477712485,97.26399553643652
217.20000000000002,3.62,Normal,3.8740162403746075,42.68599813761028,7.580592865438767,93.64069330748853
217.4,3.6233333333333335,Normal,3.9134571550320723,37.210210290127165,8.337151111627582,88.40992581795543
217.60000000000002,3.626666666666667,Normal,3.9219157465382097,40.385440817605144,8.306509904705672,93.20600727137517
217.8,3.6300000000000003,Normal,3.956706438357093,41.680427946052085,7.657625459574585,98.76526477509123
218,3.6333333333333333,Normal,3.9392285986432136,39.398981651867494,8.54632473676706,95.37174847635758
218.20000000000002,3.636666666666667,Normal,3.9267011094871562,35.517058255167804,8.4348690322097,88.96689906266008
218.4,3.64,Normal,3.875831676347699,39.08073918826457,8.546915702456133,92.00565838997508
218.60000000000002,3.6433333333333335,Normal,3.932295383006808,37.9125003074176,7.95204494512889,92.70776858112622
218.8,3.646666666666667,Normal,3.889349962194037,42.023394313510714,9.085788811202104,100.5637321642316
219,3.65,Normal,3.9443573323591012,42.20879057300824,9.22499849695334,89.26158300726685
219.20000000000002,3.6533333333333338,Normal,3.858915273284408,40.45588536264598,7.362699593925663,96.09370513225996
219.4,3.6566666666666667,Normal,3.896172620145415,45.607021813334704,8.005284132944725,94.84361428167738
219.60000000000002,3.6600000000000006,Normal,3.914800892400229,40.91184981293914,8.07732111170225,94.09318797189735
219.8,3.6633333333333336,Normal,3.9419948185885234,44.04898873107276,8.158273251926527,94.02944183302421
220,3.6666666666666665,Normal,3.919586816389767,43.03470379646577,7.819549402536081,96.33097795734382
220.20000000000002,3.6700000000000004,Normal,3.957874352848592,44.431020779166715,9.639924515484918,92.14554560815097
220.4,3.6733333333333333,Normal,3.8911527072089984,43.759576482910916,7.783361624150985,85.45132377581713
220.60000000000002,3.676666666666667,Normal,3.9477611475936567,41.36189026957006,8.709071110002318,98.24094560568876
220.8,3.68,Normal,3.9563824521871664,39.270621705784386,8.590456136327457,92.94313596957252
221,3.683333333333333,Normal,3.978182169800693,41.939810302996996,7.994051928860025,101.98589717821072
221.20000000000002,3.686666666666667,Normal,3.954163956964224,39.39015160344577,7.298305300663673,94.51103853675086
221.4,3.69,Normal,3.9375119252459845,45.182300238231555,9.063784093627218,96.54818429684838
221.60000000000002,3.693333333333334,Normal,3.975171210315505,43.52113383949427,7.898438948973256,92.3885821406626
221.8,3.6966666666666668,Normal,3.9698791094916954,47.973772507382776,8.777667810854819,94.53167070945752
222,3.7,Normal,3.918951926496879,41.39594878791264,7.9008749315106535,92.30697067727701
222.20000000000002,3.7033333333333336,Normal,3.9117724001984993,41.15592952573686,9.064076853043348,95.72254716874258
222.4,3.7066666666666666,Normal,3.9306114722903542,42.643718919857015,9.014280198989887,94.2166813435062
222.60000000000002,3.7100000000000004,Normal,3.9271154720537593,41.260369818807675,8.690012633655439,94.65708837087477
222.8,3.7133333333333334,Normal,3.94809184691717,38.818320433051724,8.153627878661238,93.8163656595785
223,3.716666666666667,Normal,3.9222513929080094,37.87489983909965,8.757859861500803,89.9065603276437
223.20000000000002,3.72,Normal,3.95269153919115,39.38895307922698,8.02230621171278,88.78986291312586
223.4,3.7233333333333336,Normal,3.9032286128571836,38.20211482012158,7.962403659692935,96.13596283461911
223.60000000000002,3.726666666666667,Normal,3.9341953124093423,43.49713308305649,8.496701362486798,94.52363040878174
223.8,3.73,Normal,3.84811130078,41.58000053913171,8.496671625060346,85.96966532716009
224,3.7333333333333334,Normal,3.8658093553213706,41.02373996913105,8.707222620886304,96.739148900525
224.20000000000002,3.736666666666667,Normal,3.870141836224829,42.21722365693951,8.866528264391823,91.07748876773955
224.4,3.74,Normal,3.8522570827488347,43.175949454732695,7.974899992521921,85.2049620866477
224.60000000000002,3.7433333333333336,Normal,3.92195008346119,37.932693399460184,8.340994470852769,88.98705743665035
224.8,3.746666666666667,Normal,3.8627660721357024,45.70289275917188,8.295577783651797,87.47213683731366
225,3.75,Normal,3.959158193490536,41.423518743544875,8.0790696406989,96.34111532502416
225.20000000000002,3.7533333333333334,Normal,3.9446137738567524,44.39588781042619,7.864806190081364,92.66837841318474
225.4,3.756666666666667,Normal,3.9649820504460696,44.872115558773984,8.86136344790285,100.41401785004192
225.60000000000002,3.7600000000000002,Normal,3.9643576749848646,42.45883698155977,9.080413793659808,105.99140002738449
225.8,3.7633333333333336,Normal,4.011004267843972,42.525497793427824,8.718224697813874,95.8641614298104
226,3.7666666666666666,Normal,3.980117128693404,41.63011968544199,8.118678680131435,95.165431574448
226.20000000000002,3.7700000000000005,Normal,3.98643643162209,41.85595823231776,9.343848007518348,97.73551860013379
226.4,3.7733333333333334,Normal,3.9165372307911577,47.268895868820834,8.709044083366567,86.63089744701108
226.60000000000002,3.776666666666667,Normal,3.993965374730997,37.036523020609714,7.867600884490688,88.07440944111036
226.8,3.7800000000000002,Normal,3.9547595006875857,46.049313452841076,9.147542065102114,85.45074343285336
227,3.783333333333333,Normal,3.8949467967907,39.34562738020912,8.82330757389298,85.45818364191166
227.20000000000002,3.786666666666667,Normal,3.952237430060684,40.37857501251776,8.852364703979081,96.54562983263715
227.4,3.79,Normal,3.943840837106594,37.9256457254472,8.493403398828324,92.49599426173654
227.60000000000002,3.793333333333334,Normal,3.9471529479987657,45.672745144315776,8.196205614065565,93.57483728613462
227.8,3.796666666666667,Normal,3.9352425606395287,44.59975522899755,8.869483619762718,91.62267293626753
228,3.8,Normal,3.92489206095345,41.704898536382686,8.750374679461805,94.88466970314487
228.20000000000002,3.8033333333333337,Normal,3.9602969774700534,38.25862810768888,8.75596273556962,95.47845256877405
228.4,3.8066666666666666,Normal,3.9438583335102106,44.214476265980956,7.724541304107152,97.13294566600594
228.60000000000002,3.8100000000000005,Normal,3.897735336861747,42.49165729109418,9.553138326872679,85.80086610318314
228.8,3.8133333333333335,Normal,3.8871958266134503,41.68887170122068,9.006874928878435,105.90580200661265
229,3.816666666666667,Normal,3.870853657299127,38.84069592007001,7.8812276078940515,94.2535289600912
229.20000000000002,3.8200000000000003,Normal,3.926439119187574,40.707779864705124,8.029319760404753,101.88637084085828
229.4,3.8233333333333333,Normal,3.877427263011275,41.96078632918876,9.072002980471737,87.31232225029925
229.60000000000002,3.826666666666667,Normal,3.9089088923349546,39.31914920052944,8.527629615588033,88.15763566058786
229.8,3.83,Normal,3.9516927621719136,42.148608042616786,8.688128887356562,95.4742510692261
230,3.8333333333333335,Normal,3.927350435693711,42.04361910757,8.419494568584067,94.30288333733057
230.20000000000002,3.836666666666667,Normal,3.954581071143656,38.792821767049176,8.172600851309365,93.4979342652053
230.4,3.8400000000000003,Normal,4.002402625113089,44.605490685238706,8.68490592953357,94.08655580681042
230.60000000000002,3.8433333333333337,Normal,4.020035319029997,43.301496655723064,8.196512127056463,83.33780673228455
230.8,3.8466666666666667,Normal,4.0058929877493865,40.05476876061251,8.47443261488637,98.20236473978528
231,3.85,Normal,4.022500072496808,42.85707318478395,8.967727517623102,93.1222268822194
231.20000000000002,3.8533333333333335,Normal,3.9448874624626042,38.100728422772455,8.375592045253683,90.74535081133263
231.4,3.856666666666667,Normal,3.9628632581778485,43.54807204172777,8.37973801347099,89.25730570913896
231.60000000000002,3.8600000000000003,Normal,4.035754505816754,45.37273858504504,8.812998604679427,98.69688516629924
231.8,3.8633333333333337,Normal,3.986994780385923,38.218941884964856,8.191738881884532,85.15088253024075
232,3.8666666666666667,Normal,3.9811297866510342,39.066878167399,9.364809512202928,93.51546234720337
232.20000000000002,3.87,Normal,3.9826793468487374,43.87927714633622,9.281964047684209,82.11348523341988
232.4,3.8733333333333335,Normal,3.9570086448367316,41.08190360028073,8.49918242194959,90.44252246807343
232.60000000000002,3.876666666666667,Normal,3.9755758133226387,40.07799405938184,7.957488883381615,92.96832121885254
232.8,3.8800000000000003,Normal,3.8951109506986263,42.78298846093427,8.267186469501882,96.52384982819103
233,3.8833333333333333,Normal,3.8951381159431726,43.289296683416325,8.065678238176082,86.94145670475945
233.20000000000002,3.886666666666667,Normal,3.884695756591368,39.72446437136917,8.440732931502561,86.44007037729546
233.4,3.89,Normal,3.87754913285492,36.368532687544196,7.596303189638885,93.07478408918219
233.60000000000002,3.8933333333333335,Normal,3.884639969299738,43.47766592496969,8.761467645197834,97.92585018422058
233.8,3.896666666666667,Normal,3.9393468645398375,44.445186849974014,7.699899348373256,93.18098649409582
234,3.9,Normal,3.865371868570626,42.742536186070545,8.085671819253294,100.23342959578778
234.20000000000002,3.9033333333333338,Normal,3.9094459767427407,38.63756299970771,8.261585953448165,97.1153713736435
234.4,3.9066666666666667,Normal,3.957332144519527,43.237560349578175,8.528784201980153,89.00388365815246
234.60000000000002,3.9100000000000006,Normal,3.8567080007248222,42.87142920607252,7.648110327872785,96.3711323264549
234.8,3.9133333333333336,Normal,3.9466873258615744,41.68170146890416,7.824063946580105,98.34314198029584
235,3.9166666666666665,Normal,3.899234234166902,44.30816663601851,8.126528203833061,89.45831253484985
235.20000000000002,3.9200000000000004,Normal,3.982363059244781,44.61242797440787,8.372995414206125,91.7154648562838
235.4,3.9233333333333333,Normal,3.972700512793605,38.88769957906278,8.4102970256485,88.24095862281138
235.60000000000002,3.926666666666667,Normal,3.9678671484995136,35.80340355793216,8.537793661965777,98.52631530628452
235.8,3.93,Normal,3.9599195246276033,37.38480563730065,7.743474574323266,94.7625244853198
236,3.933333333333333,Normal,3.91225620327338,40.52708808369912,8.515588010050388,88.23157895031989
236.20000000000002,3.936666666666667,Normal,3.9425230456154883,47.609977401456916,7.671721433479576,95.24411044170868
236.4,3.94,Normal,3.9431906557361485,40.01871065613302,8.142506475541566,100.2803378182673
236.60000000000002,3.943333333333334,Normal,4.00302622139203,38.229985764539244,8.435738846500405,86.86234776297302
236.8,3.9466666666666668,Normal,3.9530415157540904,43.765997764449544,8.449227507216802,88.28192070618735
237,3.95,Normal,3.947174453976151,44.57601302966518,8.467854536964408,86.6736238832379
237.20000000000002,3.9533333333333336,Normal,3.9222050301275906,43.804591071437216,8.99625187728378,92.25426322675649
237.4,3.9566666666666666,Normal,3.9330937087201647,36.409578954553176,7.980461409836674,90.71675886706993
237.60000000000002,3.9600000000000004,Normal,3.867066185114557,38.92997626889434,8.564441583405797,94.02086158998299
237.8,3.9633333333333334,Normal,3.9419201890080893,42.87736251357049,8.451011324844853,88.90067291286557
238,3.966666666666667,Normal,3.926935725660145,36.60396318180901,8.977626643276027,92.22747607908002
238.20000000000002,3.97,Normal,3.939429553669893,41.37681129127935,9.770892581649479,89.2470173709269
238.4,3.9733333333333336,Normal,3.8862753322287342,39.70916377747481,8.986893314224345,98.86855203419545
238.60000000000002,3.976666666666667,Normal,3.9141314575839647,44.90517459939711,8.373016251333386,92.9933781457294
238.8,3.98,Normal,3.852166104479894,40.59917315278507,8.752822761520985,99.4122552955366
239,3.9833333333333334,Normal,3.912538558682252,38.628949537272604,7.983087114113751,82.03082571651336
239.20000000000002,3.986666666666667,Normal,3.9041503093425707,39.57618769151427,7.891326003825713,88.4781217482001
239.4,3.99,Normal,3.9341145688580577,41.316999466649726,8.902429570349083,94.97183609750199
239.60000000000002,3.9933333333333336,Normal,3.9395208491852913,42.97440229149995,8.448729951177468,83.52577680300062
239.8,3.996666666666667,Normal,3.884773767953941,47.13421269029878,8.582034018815305,96.61606047032686
240,4,Normal,3.942258600715532,41.499131300338064,8.177606647458438,94.87623472423661
240.20000000000002,4.003333333333334,Normal,3.995261276087017,37.470526160972916,8.48947771781445,95.72769529079748
240.4,4.006666666666667,Normal,3.930780671218778,51.5508631935377,7.7539975035710045,92.40710566120929
240.60000000000002,4.010000000000001,Normal,3.977898125753205,42.92983716661759,7.769930011401984,92.42920522415373
240.8,4.013333333333334,Normal,3.9658298190947474,41.738283238603394,8.420161772728942,87.0156291356533
241,4.016666666666667,Normal,3.963117041236631,49.12945728608712,7.883472394470427,96.80870925770189
241.20000000000002,4.0200000000000005,Normal,3.9892091752738725,43.233547925493156,9.11219566189706,96.41616820115227
241.4,4.023333333333333,Normal,3.996255808704725,42.66127119071815,8.417097551055251,85.11206952082695
241.60000000000002,4.026666666666667,Normal,3.9488827979083707,41.403538243377675,8.6222994837332,95.60741483423685
241.8,4.03,Normal,3.9655655688797666,40.79779023974331,7.947850439017658,88.26866431172597
242,4.033333333333333,Normal,3.9734120780924727,45.44395136937251,7.707434060238722,94.29612935040225
242.20000000000002,4.036666666666667,Normal,3.9047438703623105,44.091402286987936,8.939620308653657,96.97511292234728
242.4,4.04,Normal,3.9760394003859614,43.82077981402736,7.975782634492899,94.25632722772671
242.60000000000002,4.043333333333334,Normal,3.894573042451285,40.90654108427,8.787462052719995,95.82306162777984
242.8,4.046666666666667,Normal,3.9705958687138403,38.746391540729306,8.695409289690842,91.67344319588649
243,4.05,Normal,3.906191743862653,38.343192432549245,8.287548747174005,94.24503823230968
243.20000000000002,4.053333333333334,Normal,3.878901525619845,43.97507152038811,8.893473358137117,93.92024587321065
243.4,4.056666666666667,Normal,3.9345974519783957,41.99124011047069,8.668060751737315,92.6012726843519
243.60000000000002,4.0600000000000005,Normal,3.89082558089848,36.10868477930355,9.624746221401168,84.44732533898048
243.8,4.0633333333333335,Normal,3.937941157573205,46.68186638565244,8.433940090717154,86.46402178178701
244,4.066666666666666,Normal,3.8763732906743282,44.07975984011257,8.589196493771505,85.8612057249464
244.20000000000002,4.07,Normal,3.8773200323073773,40.77659611161773,8.291686837736467,82.5083996640355
244.4,4.073333333333333,Normal,3.8927614149444016,47.277776155401106,7.881535432889996,97.39359992226888
244.60000000000002,4.076666666666667,Normal,3.865513929181256,42.72046251296144,8.595310108526691,91.69772103778911
244.8,4.08,Normal,3.929859852060789,37.45958538149046,7.796528755852576,89.06518848304259
245,4.083333333333333,Normal,3.9210553712328213,43.31724791870103,8.587126556722723,100.60082441433855
245.20000000000002,4.086666666666667,Normal,3.8859861911250757,40.4462560928561,8.710251696909012,93.59180858889027
245.4,4.09,Normal,3.9617051305095794,45.03884789653118,8.11477421829785,92.06506720190272
245.60000000000002,4.093333333333334,Normal,3.9578227378502646,37.55030317571437,8.052600008694023,94.95560063556249
245.8,4.096666666666667,Normal,3.965511316216076,44.29828676633995,9.718621188889182,93.43506269571114
246,4.1,Normal,3.9608464623419533,44.812816855191635,8.511122497048532,102.56523068067675
246.20000000000002,4.1033333333333335,Normal,3.9590900855221656,41.900724960904704,9.121408925421505,103.62988680497574
246.4,4.1066666666666665,Normal,3.943356797579979,43.38538905085151,8.269989747262056,96.90857087668226
246.60000000000002,4.11,Normal,3.9865147251419573,39.42241731091361,9.446462222290295,99.45040432854002
246.8,4.113333333333333,Normal,3.9797126170237425,41.25736633014709,8.165993288699248,84.87972966991603
247,4.116666666666666,Normal,3.981298917525657,41.6510626673048,8.499981116946566,86.94193984071025
247.20000000000002,4.12,Normal,3.909041119046753,45.15539383916817,8.273761771468422,96.95562618359203
247.4,4.123333333333333,Normal,3.900943809891338,42.78036206375877,8.318815265068567,90.2652951018663
247.60000000000002,4.126666666666667,Normal,3.944904686689282,43.74535500737527,8.123705088431068,92.28030230718146
247.8,4.13,Normal,3.940864750932829,39.8610917227396,8.424065566029267,102.50731875481644
248,4.133333333333334,Normal,3.8882571397165746,40.08209979052553,8.56656132203196,92.72910629905208
248.20000000000002,4.136666666666667,Normal,3.867958829453461,39.352421532801245,8.001848325987773,94.85011708998692
248.4,4.14,Normal,3.898621898355029,44.63331949695042,8.227104700712701,92.29964471484044
248.60000000000002,4.1433333333333335,Normal,3.8491747457956933,42.22048823288895,7.663789200550723,100.06202260833727
248.8,4.1466666666666665,Normal,3.900516724517017,42.61499137250057,9.03819019125847,92.79271742948116
249,4.15,Normal,3.937781787817717,41.474155900346915,8.382304484260294,87.82215613472273
249.20000000000002,4.153333333333333,Normal,3.829851280032506,39.319956620291805,8.53010323404117,89.77183603245777
249.4,4.156666666666667,Normal,3.878915596921261,43.51448767753874,7.48885768799468,102.15175387038771
249.60000000000002,4.16,Normal,3.927173728219704,43.6719801085372,9.29130447973702,81.4981420952779
249.8,4.163333333333333,Normal,3.9600688058388944,43.43333615502232,8.165105216435252,85.95252238668962
250,4.166666666666667,Normal,3.9183123237265907,42.7055285904099,9.530351338841209,96.61810166296334
250.20000000000002,4.17,Normal,3.937226610109837,43.8841593394067,9.24445537096443,93.05512372527197
250.4,4.173333333333334,Normal,3.954165735071268,42.93470519178501,8.208604768121734,89.06316043183271
250.60000000000002,4.176666666666667,Normal,3.990219656817511,41.41342254698368,7.4676660362851965,87.40755688221019
250.8,4.180000000000001,Normal,3.9848109384732475,39.260685966687426,8.020466428313048,90.77610576195536
251,4.183333333333334,Normal,3.953544330528021,37.36464332912059,8.274512098637226,88.9083347605086
251.20000000000002,4.1866666666666665,Normal,3.9526550060959558,37.86396202922309,8.514810273785654,101.29975776249475
251.4,4.19,Normal,3.9719768988459245,44.58107954660062,9.422613982037818,96.05780877560895
251.60000000000002,4.193333333333333,Normal,3.9362006823890594,41.696602714278704,9.06337346801635,94.64388700510092
251.8,4.196666666666667,Normal,3.897743571666671,40.76727768380179,8.302702960041913,95.88743934736776
252,4.2,Normal,3.9323835466807977,44.05364459573825,8.497312580729421,87.64627788795903
252.20000000000002,4.203333333333334,Normal,3.9471522327634965,40.66082347889187,8.902759023023078,86.6432816954164
252.4,4.206666666666667,Normal,3.933796688219052,46.26788441969565,7.892437013342867,103.28990146760296
252.60000000000002,4.21,Normal,3.915997675303174,44.56948015239853,9.027355757105003,89.73612970109359
252.8,4.213333333333334,Normal,3.863188281310039,38.70951260186879,8.862150845866033,90.04452512883196
253,4.216666666666667,Normal,3.9041035065625658,43.47038677442421,8.593136937978704,93.10510861647685
253.20000000000002,4.220000000000001,Normal,3.901204915621844,38.67614750424734,8.13392380369697,94.51001185913606
253.4,4.223333333333334,Normal,3.948682239684894,44.0598493207468,9.0804653328332,92.70039622921544
253.60000000000002,4.2266666666666675,Normal,3.812327467555576,41.598491992682334,9.421847938666913,100.10029500025486
253.8,4.23,Normal,3.85332592315279,39.85352239296637,9.275815806714254,91.9274933415636
254,4.233333333333333,Normal,3.8957076329124676,41.855468915576196,7.801267010308119,101.1203382669487
254.20000000000002,4.236666666666667,Normal,3.8525172615911365,41.42682114274863,8.429688277066642,90.808763893127
254.4,4.24,Normal,3.9506478834599292,41.222620073306395,7.85228576047924,99.254528334669
254.60000000000002,4.243333333333334,Normal,3.9422308497896865,47.290367469871704,8.341320212773633,95.06843308710599
254.8,4.246666666666667,Normal,3.926193774155953,37.85698307412333,9.328645192596937,86.95364491580406
255,4.25,Normal,3.9029987108292548,43.9639906471421,8.261913444773443,93.18975695223527
255.20000000000002,4.253333333333334,Normal,3.9388545111918978,41.59626935030702,8.716835128322511,105.43224075298352
255.4,4.256666666666667,Normal,3.945290697704932,41.20861863950593,9.228068167765935,92.79582378804075
255.60000000000002,4.260000000000001,Normal,3.9723396550783767,43.49062231589533,8.24484810939531,86.63581189466476
255.8,4.263333333333334,Normal,3.941620678649938,39.65065666523535,8.698989891420883,95.7824913078775
256,4.266666666666667,Normal,3.9568879518775284,45.927743790502376,9.13735986190424,87.67863172873328
256.2,4.27,Normal,3.97476813904304,42.78383821316173,8.87528581467405,102.59696265239818
256.40000000000003,4.273333333333334,Normal,3.979982717426554,40.67716075054197,8.04807811115489,97.9846816542426
256.6,4.276666666666667,Normal,3.950621926521695,49.46164733167315,8.209011037843323,91.48317285424991
256.8,4.28,Normal,3.938902229196985,39.751917292528454,9.088228152943332,92.57787134511712
257,4.283333333333333,Normal,3.9741373994125206,40.85634359526985,7.951432937095511,99.43211897793238
257.2,4.286666666666666,Normal,3.9354042662892392,41.14627949194204,8.130558340660796,96.94273793934005
257.40000000000003,4.290000000000001,Normal,3.89611346833533,35.24797009007027,9.146830247334002,105.0211163844665
257.6,4.293333333333334,Normal,3.8759793124055766,44.94262027178206,9.11685689199182,95.71034935009216
257.8,4.296666666666667,Normal,3.935207151591471,39.17939076992222,8.556266096863142,93.35090115402164
258,4.3,Normal,3.9087789328144162,41.870287949840005,8.61237696998587,92.0881895917062
258.2,4.303333333333333,Normal,3.901970122159607,43.274571632873624,8.686805794204826,91.18207325525273
258.40000000000003,4.3066666666666675,Normal,3.922915140982951,42.07609197965153,7.994229343837485,93.09605059114075
258.6,4.3100000000000005,Normal,3.923231774381395,44.33695564747184,8.909291123367831,96.7919059317556
258.8,4.3133333333333335,Normal,3.9034452957527392,44.17001120084867,8.893781247620597,96.28022361130465
259,4.316666666666666,Normal,3.8299082952248007,43.795984522896305,9.000644214063838,92.07917006320898
259.2,4.319999999999999,Normal,3.87607264518175,39.805630204028354,8.882361634312177,88.8677644620424
259.40000000000003,4.323333333333334,Normal,3.8414158733400323,43.650823769207335,8.280714973961313,98.44234742649
259.6,4.326666666666667,Normal,3.937245645384543,36.55554855151748,8.664317021710717,91.51186771667128
259.8,4.33,Normal,3.8915521971952916,39.127369411902244,8.062485499760237,96.9403818972888
260,4.333333333333333,Normal,3.8500452533673193,42.778943225145554,8.135296101221524,94.11753822826424
260.2,4.336666666666667,Normal,3.925144258459469,41.77696780322325,7.236805925801362,86.85984730330372
260.40000000000003,4.340000000000001,Normal,3.927040775971697,40.16918152457683,9.153932969515651,93.50242692336808
260.6,4.343333333333334,Normal,3.9752699106865887,45.95644016455973,8.069596816173357,96.61297402033557
260.8,4.346666666666667,Normal,3.943090348109987,40.024382835319386,7.906307125614797,106.78580839377365
261,4.35,Normal,4.019036558771699,43.889092540022354,8.65769102932727,86.74841988057678
261.2,4.3533333333333335,Normal,3.975368658279011,41.69829733663595,7.916461202451626,96.41404675259015
261.40000000000003,4.356666666666667,Normal,3.926874030689153,44.742007938107015,8.682195079360085,99.2568733211999
261.6,4.36,Normal,3.9041896355489576,39.608446771002285,8.69951192793539,91.20067993157228
261.8,4.363333333333333,Normal,3.940483527255296,42.648493185823675,7.810981719834412,95.73884469301902
262,4.366666666666666,Normal,3.921915214842438,39.99462385569209,8.910492794592729,88.27724049528285
262.2,4.37,Normal,3.9246635397095178,42.29929371602853,7.954028799492905,94.04072304044898
262.40000000000003,4.373333333333334,Normal,3.9373833820428077,37.99363378275387,7.856119614008944,96.03210361129085
262.6,4.376666666666667,Normal,3.8974638681744604,43.085239840995754,7.709393251209434,88.20878750254674
262.8,4.38,Normal,3.861908028701581,43.46191222346041,7.696790524025521,105.58559368780558
263,4.383333333333334,Normal,3.9461700057314606,37.1776538246567,8.656646962434978,99.76080973325482
263.2,4.386666666666667,Normal,3.9423716808033413,36.327803871415895,8.193080554610404,90.07640841058948
263.40000000000003,4.390000000000001,Normal,3.956801078197878,41.90298005895527,8.692256265183055,99.7395047681645
263.6,4.3933333333333335,Normal,3.9049892032314157,42.04526410564431,8.03806049561231,90.56495636236768
263.8,4.3966666666666665,Normal,3.8715214370626767,38.70635613063424,8.02300670339013,97.12085304420467
264,4.4,Normal,3.8831790475880243,37.443406331651715,9.398005362793022,95.9098610398912
264.2,4.403333333333333,Normal,3.853534361030914,44.60322125028158,8.033901847753368,96.40278459307797
264.40000000000003,4.406666666666667,Normal,3.920619015341286,40.65284540423454,8.903206604952757,92.00865017404676
264.6,4.41,Normal,3.849948159840944,40.26783326061831,7.650437454135874,90.18494387652014
264.8,4.413333333333333,Normal,3.87144711447231,44.95519524271571,8.353413696282944,99.76363394615856
265,4.416666666666667,Normal,3.965717155865141,46.4647602213845,7.829123403230368,104.30761779878375
265.2,4.42,Normal,4.024385046796823,40.82249206175716,8.054005875563158,82.55419121935147
265.40000000000003,4.423333333333334,Normal,3.9430632638981242,43.435643845896365,9.292162921618386,93.91110469921895
265.6,4.426666666666667,Normal,4.003439018936255,41.96366694789835,8.426165172177445,89.04613390052671
265.8,4.430000000000001,Normal,3.923830501337882,39.63764075156657,9.028371169848501,94.52547430440337
266,4.433333333333334,Normal,3.9871492582702213,41.243501831445215,9.027772086855512,93.77350657420332
266.2,4.4366666666666665,Normal,3.951179836663052,42.838033336958716,9.51994801170097,98.65430898046093
266.40000000000003,4.44,Normal,3.9122564102390087,47.698751104677804,8.312817310190026,86.28516490193229
266.6,4.443333333333333,Normal,3.9472116177711882,37.87068395625236,9.051093621994557,96.3491348078391
266.8,4.446666666666667,Normal,3.944489125436711,41.19857696186879,8.367897935826294,91.56620467522717
267,4.45,Normal,3.909338847692976,41.238450491518385,7.6445053879869675,94.83933251148211
267.2,4.453333333333333,Normal,3.941873262577255,40.806164588754754,8.399632864527739,91.02029960198553
267.40000000000003,4.456666666666667,Normal,3.927739429298441,40.6654412178811,8.563567573966333,100.16621186041851
267.6,4.46,Normal,3.960365106995234,39.249199588791086,9.143257540226388,88.98778809396335
267.8,4.463333333333334,Normal,3.9388220425479816,33.070901001710155,8.213947923514523,99.53246386691121
268,4.466666666666667,Normal,3.9117606684716955,40.84183032629583,9.252383995137103,97.37739919983842
268.2,4.47,Normal,3.9103791259172755,42.45934077943832,8.336793205622385,92.30170149829846
268.40000000000003,4.473333333333334,Normal,3.8476909665778787,40.29135666285343,8.26475664579454,89.12250817874657
268.6,4.4766666666666675,Normal,3.9436389146076105,41.93527751204046,8.065124541988926,94.97191965487362
268.8,4.48,Normal,3.8385573960586403,41.26132853640106,8.498736753660689,95.23241049314036
269,4.483333333333333,Normal,3.8767028475445935,43.8730061552745,8.086727099552608,104.31543197754846
269.2,4.486666666666666,Normal,3.8383207969912685,45.08046227806884,8.0191521129636,92.60585772056237
269.40000000000003,4.49,Normal,3.8771328809098335,41.165517394166834,8.523686512649563,95.59111003063076
269.6,4.493333333333334,Normal,3.9652866194841416,42.77088427682086,8.231013775055406,97.1512987151446
269.8,4.496666666666667,Normal,3.9243529410451687,40.00834740463134,7.711522731125964,92.30349232342917
270,4.5,Normal,3.908558270710503,39.25979718941507,9.279138783851103,92.51909014753272
270.2,4.503333333333333,Normal,3.9516205748044015,45.01998628167137,7.826444074904056,95.29671833372242
270.40000000000003,4.506666666666667,Normal,3.9188891989527845,42.82223258840475,8.802165081854783,105.11700323882037
270.6,4.510000000000001,Normal,3.964103708577781,38.31933988057736,8.295353740871821,102.39029940871126
270.8,4.513333333333334,Normal,3.947815237947567,37.17359593635511,9.109373837969427,98.32491650440433
271,4.516666666666667,Normal,3.9195808257081968,46.881439593475164,8.720798361810575,93.6075711607876
271.2,4.52,Normal,4.002931001828886,44.20147242766531,8.198573414290031,95.69116893383078
271.40000000000003,4.523333333333334,Normal,3.9543655379554123,37.81803864875599,9.208473988985817,95.71823622027294
271.6,4.526666666666667,Normal,3.9483150030207557,43.68419389263901,8.2824904337572,94.9692393709659
271.8,4.53,Normal,3.911495033880639,45.87710002856885,8.825376307240738,93.59033704984132
272,4.533333333333333,Normal,3.9883472645490348,45.32353286752948,9.24861010855489,93.07216390290931
272.2,4.536666666666666,Normal,3.90126351265826,41.05124906227149,8.977966673306206,86.89257927534017
272.40000000000003,4.540000000000001,Normal,3.93582486493523,37.566292356700814,9.033512269356349,94.88740231416958
272.6,4.543333333333334,Normal,3.9425852057906297,41.12576128094546,7.976134574881969,85.28940865417732
272.8,4.546666666666667,Normal,3.952191011680468,40.74134075991815,8.871937198866158,89.60508397276715
273,4.55,Normal,3.9273685053565672,42.71584588056436,7.85422112746615,105.3183931754672
273.2,4.553333333333333,Normal,3.9226609559239134,45.66393874102648,8.375440193538692,92.28573632739722
273.40000000000003,4.5566666666666675,Normal,3.8923180684353746,44.02253034754066,9.145730225827378,93.05972701362771
273.6,4.5600000000000005,Normal,3.8717480731817164,40.730290010432675,8.149085089243657,96.50391753860059
273.8,4.5633333333333335,Normal,3.8455427935610973,42.02301943913231,8.720060798536165,91.57330241523401
274,4.566666666666666,Normal,3.8846749767850075,45.231612214619496,8.462607525408124,99.7444875842699
274.2,4.569999999999999,Normal,3.9004973445346707,44.31826106862783,7.748828766323083,91.38432927061278
274.40000000000003,4.573333333333334,Normal,3.859381383146443,44.277064586462515,8.030915178203411,97.14137387393909
274.6,4.576666666666667,Normal,3.922888915674826,37.78169060880719,8.988361038639475,90.35052580846164
274.8,4.58,Normal,3.8932333476210834,41.712494393938464,8.535412372198708,95.00586813435366
275,4.583333333333333,Normal,3.928972999021392,42.62458955990113,8.611540441798955,93.42374017914031
275.2,4.586666666666667,Normal,3.9275607481366013,47.00735360702891,8.682622848852159,86.92003840835011
275.40000000000003,4.590000000000001,Normal,3.9261228042446206,46.221766112765884,8.317952286735562,97.85461668324139
275.6,4.593333333333334,Normal,3.8926001726245634,39.25392668071541,8.454798930293265,93.54476073037132
275.8,4.596666666666667,Normal,3.952429688662725,43.125120816286945,8.168804584019854,91.90425058407055
276,4.6,Normal,3.9215977227606102,41.83943904097119,8.532549585438847,86.51138308089337
276.2,4.6033333333333335,Normal,3.933614267452364,42.20631087218001,8.876323709840888,89.63727674266703
276.40000000000003,4.606666666666667,Normal,3.9818686174598237,38.67076439535579,8.354206878845329,94.65046804909971
276.6,4.61,Normal,4.006126809178511,39.69796742214507,7.772183308675658,101.20519924269688
276.8,4.613333333333333,Normal,3.9731497791220085,46.523971177198966,9.168913940219205,90.11004532555062
277,4.616666666666666,Normal,3.9240663172740544,43.25277659868335,7.140113898636482,94.330653634926
277.2,4.62,Normal,3.9392230321762587,39.88331266693569,8.356065694563178,102.99565472536007
277.40000000000003,4.623333333333334,Normal,3.930774505496186,36.71533850835558,8.657144033064593,95.79775206172901
277.6,4.626666666666667,Normal,3.921325970526798,41.11049119880571,8.490541757731105,97.105593537392
277.8,4.63,Normal,3.9007554943897107,44.93007369495215,7.389178190447943,99.98809506362541
278,4.633333333333334,Normal,3.858741796656374,44.476969701571896,9.022349121493194,92.76629073786941
278.2,4.636666666666667,Normal,3.9025346203024065,38.874104006988375,8.255439519995306,90.85035806014025
278.40000000000003,4.640000000000001,Normal,3.8624867916693257,45.095696651774276,7.2847449047513635,94.83838777998386
278.6,4.6433333333333335,Normal,3.8417130486359374,40.946774046932575,9.885273993053836,91.48444764705943
278.8,4.6466666666666665,Normal,3.8856677335343113,41.96962589564786,9.272341398684775,98.70988526694444
279,4.65,Normal,3.8739051292854554,40.719934559106484,8.480193914210936,94.02300198807482
279.2,4.653333333333333,Normal,3.8698270441179026,43.32612491921866,8.02657062557619,78.67402585116037
279.40000000000003,4.656666666666667,Normal,3.8534977979094167,36.4383665433093,8.105902170633978,99.39547201225542
279.6,4.66,Normal,3.8826431566594573,44.97021968989915,8.103584117055215,97.60378561538458
279.8,4.663333333333333,Normal,3.9341808900631032,46.200032957476495,8.03300451250393,81.8206232786091
280,4.666666666666667,Normal,3.9433817775379816,46.142694718859644,9.571630843636179,93.16463292180619
280.2,4.67,Normal,3.903369894254279,37.018304850609105,9.060957841211373,88.7552080751316
280.40000000000003,4.673333333333334,Normal,3.90312187156876,38.119400214285285,8.705096128169295,89.05839472389525
280.6,4.676666666666667,Normal,3.9013872749796024,40.588550032360715,7.806816410820291,95.54088181972506
280.8,4.680000000000001,Normal,3.952605132437728,42.78570267140081,8.245570953802149,96.8310783073416
281,4.683333333333334,Normal,3.9895398792333716,41.869811356572285,8.258117415636827,98.05265779901195
281.2,4.6866666666666665,Normal,3.9209830183203866,41.45955025700179,9.176433238760346,95.82580646883156
281.40000000000003,4.69,Normal,3.99831369861073,39.996491720507144,7.867514567561313,84.96380150963542
281.6,4.693333333333333,Normal,3.9861382578623963,46.58510231332916,7.501906093747205,105.10278241311819
281.8,4.696666666666667,Normal,3.9557917965098386,47.01130387273959,7.989958808130587,90.55866997135315
282,4.7,Normal,3.940690756131489,38.2697141056573,9.410290699703092,93.44263322284252
282.2,4.703333333333333,Normal,3.9625739277400647,39.304441226304,8.236984444288069,97.480539656597
282.40000000000003,4.706666666666667,Normal,3.9037204833484895,39.68283365849893,8.561351351428819,92.68047504005148
282.6,4.71,Normal,3.8951800351780896,41.90479807424954,8.56160423560833,89.28967758830538
282.8,4.713333333333334,Normal,3.89493147212492,36.02899021858299,9.073213829990994,94.62584030591303
283,4.716666666666667,Normal,3.884510579249472,41.28955970326072,9.476739444053692,97.00559652488032
283.2,4.72,Normal,3.8897230252144515,39.896499639853374,9.712536272375106,96.17708530886213
283.40000000000003,4.723333333333334,Normal,3.907973828645678,40.3305608019584,8.071463653812511,104.05780931523555
283.6,4.7266666666666675,Normal,3.8789083781247338,42.354735064010384,8.590849505238918,96.8696706694138
283.8,4.73,Normal,3.8248299582757554,36.75498720254365,9.18900788395508,84.42598083576414
284,4.733333333333333,Normal,3.9022999205368327,41.41040174605078,8.585631114000858,95.17968066763386
284.2,4.736666666666666,Normal,3.9377841206824065,39.051913052037484,9.580823526658548,91.5467154342844
284.40000000000003,4.74,Normal,3.8125040291211603,37.805021356278274,8.831974637440767,99.32006356413417
284.6,4.743333333333334,Normal,3.938505228067945,38.503963400596334,8.22702010849975,100.60527564301916
284.8,4.746666666666667,Normal,3.9196332998616996,36.783215991578345,8.438207684367498,101.14237515600598
285,4.75,Normal,3.9352655144204145,44.86157502920155,9.188030017263628,93.93982323536629
285.2,4.753333333333333,Normal,3.9073792757654395,42.87278318581877,8.831629184615052,87.10847174105727
285.40000000000003,4.756666666666667,Normal,3.9619985560123068,42.4786166064538,7.770376563009037,95.69987448921074
285.6,4.760000000000001,Normal,3.9662626573275093,42.20378477866789,8.936308248448158,92.55888676108276
285.8,4.763333333333334,Normal,3.9484954913209984,43.568366855633116,9.37152004004831,89.64911861948318
286,4.766666666666667,Normal,3.983890123244636,45.40762261446626,9.878940141620934,99.67336655720774
286.2,4.77,Normal,3.9751296180646225,44.06093829535867,9.13446063330491,94.52802654177111
286.40000000000003,4.773333333333334,Normal,3.9513802145696815,36.02380910209851,8.777516432072574,101.38526040091759
286.6,4.776666666666667,Normal,3.9924451124564273,43.5365440766217,8.457536066540557,99.07874573102748
286.8,4.78,Normal,3.9616335217105663,41.90259598376644,8.43265254807814,97.52578415875621
287,4.783333333333333,Normal,3.931305533404376,41.12328405900836,8.463945635454044,85.89938203010345
287.2,4.786666666666666,Normal,3.8832389778123253,42.47668031499816,8.536262862211498,99.07242317569242
287.40000000000003,4.790000000000001,Normal,3.936688015324396,39.25794340104987,8.390877658717889,97.02153101780374
287.6,4.793333333333334,Normal,3.870338900503433,52.24168308287027,8.215413949102246,91.13698894710112
287.8,4.796666666666667,Normal,3.8640395688517986,43.16509089516225,8.797493742565315,91.966907130912
288,4.8,Normal,3.865057013163417,44.38807935476514,8.91199315852444,99.72185703003069
288.2,4.803333333333333,Normal,3.822093262738487,39.80413374880007,8.021068967782634,89.66324307473826
288.40000000000003,4.8066666666666675,Normal,3.8762738158192747,42.18329856578925,8.168831014022198,99.6105715831553
288.6,4.8100000000000005,Normal,3.8470930112037727,44.501392181027356,8.061278139677697,85.04403880565398
288.8,4.8133333333333335,Normal,3.8379112848050148,38.224884904214036,8.342437402465702,97.05337427209432
289,4.816666666666666,Normal,3.8618052226205393,40.91688878647523,8.844264084692874,94.54213570888325
289.2,4.819999999999999,Normal,3.896225756599621,38.83291174081274,8.406111536648044,92.34421549916146
289.40000000000003,4.823333333333334,Normal,3.8885905809413903,43.44778513579844,8.851072162625545,90.5900525350343
289.6,4.826666666666667,Normal,3.9117332859066205,42.6856784377847,7.18711871178769,104.03917949714454
289.8,4.83,Normal,3.8825895054115827,37.70763174034503,8.622361410032948,97.70313104576825
290,4.833333333333333,Normal,3.9238812314330493,40.309599260271234,8.41507043811673,94.73721080325036
290.2,4.836666666666667,Normal,3.968912170336515,41.578337775077834,8.35871365846914,96.61794037329307
290.40000000000003,4.840000000000001,Normal,3.9005243706393373,38.45595191820658,8.389484485359057,92.33608948511112
290.6,4.843333333333334,Normal,3.9392046268075886,43.118937602174775,8.858102450163926,94.88831558435683
290.8,4.846666666666667,Normal,3.9748978202630103,41.354054322836866,9.197711856293504,88.83764969754854
291,4.85,Normal,3.957920011178092,45.599057454659985,7.2858461740266804,91.17647483049123
291.2,4.8533333333333335,Normal,3.999357391772558,40.366471054455246,8.624895186802318,98.55270416776848
291.40000000000003,4.856666666666667,Normal,3.9922691191880078,42.44591618105858,8.033347652700527,94.96098671662136
291.6,4.86,Normal,3.930925798915735,38.470112380066,8.298545218504543,93.88521933353108
291.8,4.863333333333333,Normal,3.9595379394972587,43.37578265659332,9.003374398486761,101.3752831708061
292,4.866666666666666,Normal,3.9080828957937164,40.914484459119734,8.473366031166004,98.20675388496998
292.2,4.87,Normal,3.914572261310743,36.22581467886293,8.292245804905027,92.06224411949277
292.40000000000003,4.873333333333334,Normal,3.9475181317690367,42.0535014670328,8.128588839424758,96.90827682585774
292.6,4.876666666666667,Normal,3.905808875653527,43.07560243577663,8.498340914474323,96.27633442449562
292.8,4.88,Normal,3.9096469132491323,44.09264957667954,8.318313739592627,92.38372092332077
293,4.883333333333334,Normal,3.913636852899706,43.44118039124072,9.317084939552728,93.93841938779475
293.2,4.886666666666667,Normal,3.8487104758744715,41.87416767855014,9.563727468741464,98.17417592786929
293.40000000000003,4.890000000000001,Normal,3.85828502249226,45.750263648608104,8.604562889216963,89.30915416494108
293.6,4.8933333333333335,Normal,3.8960179666331944,46.87741810136794,8.95304431536555,95.593081928245
293.8,4.8966666666666665,Normal,3.8685012832559384,37.96939513891198,7.996696495241763,85.15160699517152
294,4.9,Normal,3.8556712510011777,43.347583262046946,9.13526473332187,87.0111435003636
294.2,4.903333333333333,Normal,3.875814724168132,42.56455148078235,8.93264389826839,93.5822611922987
294.40000000000003,4.906666666666667,Normal,3.825427968168339,34.62761057722926,8.404712735806164,93.43255338541583
294.6,4.91,Normal,3.859916082533089,43.69058069854439,8.324054896904396,84.48673217486751
294.8,4.913333333333333,Normal,3.906147576787164,40.95379931245016,8.379106552816461,89.16565492259791
295,4.916666666666667,Normal,3.858936206201847,42.89762342668868,8.188028280337853,94.30537635756075
295.2,4.92,Normal,3.921123673594427,41.8259766506344,8.57482059694888,93.6321669955871
295.40000000000003,4.923333333333334,Normal,3.9359618814200346,42.20644943934102,7.9698265855076285,97.31853639368157
295.6,4.926666666666667,Normal,3.8969081932434593,37.48786231578662,8.313986988258455,92.7326178627082
295.8,4.930000000000001,Normal,3.968648117848705,38.14272544723635,8.015760788693907,93.85549636675731
296,4.933333333333334,Normal,3.924128551553641,39.24245783016662,7.4542532900543605,98.23802124982788
296.2,4.9366666666666665,Normal,3.9561206286293302,41.04466585287498,8.16530282386622,91.78063070646948
296.40000000000003,4.94,Normal,3.90926351536242,44.08308307649821,8.561545279293368,93.04562467834842
296.6,4.943333333333333,Normal,3.943436703974181,40.793175886263434,8.490049046487766,98.97653807539962
296.8,4.946666666666667,Normal,3.9753043524153875,43.74738915936942,8.405484134170832,90.37757189482286
297,4.95,Normal,3.955521565175738,39.635678069822376,8.231977914218518,88.22400835229121
297.2,4.953333333333333,Normal,3.9025094947242325,46.58712720032664,8.075975874651784,87.84913798521394
297.40000000000003,4.956666666666667,Normal,3.941449305137369,41.96926364833727,8.605698195301574,98.95559335276656
297.6,4.96,Normal,3.970663378611385,41.09485925530801,8.753249036112951,96.36912468934918
297.8,4.963333333333334,Normal,3.8916583562350326,45.169566359993624,8.47354558365069,97.55740200963177
298,4.966666666666667,Normal,3.9233326493697405,40.43811589252079,8.946695152527509,91.52419173054194
298.2,4.97,Normal,3.899277167042226,43.328459710601614,7.339684076926869,87.65287062695602
298.40000000000003,4.973333333333334,Normal,3.86719828562391,36.77287537321363,8.943170570783149,89.29501013341357
298.6,4.9766666666666675,Normal,3.9106628281298854,39.19012630647023,7.562421618076229,98.18696692193183
298.8,4.98,Normal,3.7985815991439567,35.85933176155886,8.981822988040312,83.6822227136318
299,4.983333333333333,Normal,3.8688453410638948,40.356797740949055,9.28837511308509,89.35396917152715
299.2,4.986666666666666,Normal,3.914810290606834,43.00572082792456,8.591987659674066,95.20127565140477
299.40000000000003,4.99,Normal,3.904656165384072,41.06559879313002,8.934986189385606,98.44760729259859
299.6,4.993333333333334,Normal,3.9126378173204865,39.77450462142925,8.121147271024713,93.46280192925501
299.8,4.996666666666667,Normal,3.9478428003775554,44.817060717659196,7.5695533677409195,99.69481733272498
300,5,Normal,3.91314811422061,39.51692006598722,8.136819988100298,88.86564338274405
300.2,5.003333333333333,Normal,3.935023327674287,44.17513873109135,9.54268830643851,99.33082239487644
300.40000000000003,5.006666666666667,Normal,3.9516714658466805,43.70768779784169,8.05756612881928,94.82044912817405
300.6,5.010000000000001,Normal,3.912337420483628,39.28047647722866,8.108047935208283,92.84377818405744
300.8,5.013333333333334,Normal,3.9648195815067018,42.55793818814212,8.385657998233958,92.36521859787801
301,5.016666666666667,Normal,3.976239722355257,39.03507831088574,9.212007978478534,88.83987531915267
301.2,5.02,Normal,3.9321953836328865,44.96275142439798,8.710174551544151,96.8298020180336
301.40000000000003,5.023333333333334,Normal,3.911833417235438,44.8164636731622,8.287691725578416,92.03434047980309
301.6,5.026666666666667,Normal,3.9391499821525358,40.75395696636228,9.970598768560112,95.6219839164906
301.8,5.03,Normal,3.941507803737084,48.4857012406313,9.087708937733675,93.41498275294607
302,5.033333333333333,Normal,3.9136584157812413,42.51912327047159,8.87726283149905,94.04222068167948
302.2,5.036666666666666,Normal,3.8952196978720033,43.650181469126025,9.30703917694329,93.0275927849347
302.40000000000003,5.040000000000001,Normal,3.9345381265385595,43.134160917304314,9.398685336840485,92.15013854125894
302.6,5.043333333333334,Normal,3.876724335983344,44.51806888238178,8.24529697230089,92.26965061012233
302.8,5.046666666666667,Normal,3.9029947342176188,37.198786972455785,8.71292214591386,92.08298197396141
303,5.05,Normal,3.8963196190598754,43.11445409521798,8.113872733004486,101.91940139368333
303.2,5.053333333333333,Normal,3.911641812562221,37.697326666051815,8.070083328160646,89.34323467605299
303.40000000000003,5.0566666666666675,Normal,3.8724478244034874,43.74973752753622,9.236676278829568,95.51298958587196
303.6,5.0600000000000005,Normal,3.809004664362409,41.585123158252756,8.187967060390891,93.26443082713602
303.8,5.0633333333333335,Normal,3.8874760863313766,46.28166353291816,8.463683507408469,94.106118378461
304,5.066666666666666,Normal,3.8673731399390787,45.07597045700142,8.211264701028767,106.42110954911969
304.2,5.069999999999999,Normal,3.9228203373771695,45.07610168691624,8.471025464915613,93.2063236405244
304.40000000000003,5.073333333333334,Normal,3.897614928715755,43.083573580841716,8.971772092862915,93.8473777391431
304.6,5.076666666666667,Normal,3.839644144771654,39.718747094643284,8.13304811568883,93.9730129744716
304.8,5.08,Normal,3.9016754010140597,42.88989224612835,8.68757013908949,91.08956059783311
305,5.083333333333333,Normal,3.876872612841881,49.86927922167071,8.351453899672158,90.86643602566348
305.2,5.086666666666667,Normal,3.8567670862617383,42.09082356894695,7.074545691694249,97.7268540494192
305.40000000000003,5.090000000000001,Normal,3.9524728071950923,44.135611923324,8.594379438560404,90.9573513328707
305.6,5.093333333333334,Normal,3.877455562289746,41.60032994588547,8.627178216733864,91.71058857456791
305.8,5.096666666666667,Normal,3.9909022694483163,46.20113248833246,8.056238874642744,93.81463411384529
306,5.1,Normal,3.935384425952008,41.532453471977256,8.221479441655333,100.27318240366692
306.2,5.1033333333333335,Normal,3.9292489443761487,40.204258398970744,7.960642467612831,91.50605675554081
306.40000000000003,5.106666666666667,Normal,3.9199762988147033,46.84841457278562,8.595467144832226,106.06759693485945
306.6,5.11,Normal,3.8942492062265077,43.632720059768715,8.835115095789654,89.60542514988187
306.8,5.113333333333333,Normal,3.951284865608056,46.4280933255491,9.013146541135578,97.97065525759784
307,5.116666666666666,Normal,3.8800707274908444,41.39630907713543,8.5757844286059,101.3511727329997
307.20000000000005,5.120000000000001,Normal,3.9321702286431557,43.10903551264483,8.887582004391426,95.0006483089728
307.40000000000003,5.123333333333334,Normal,3.8816405307958326,46.53271814784525,7.972512131229545,89.36238598227335
307.6,5.126666666666667,Normal,3.9183776093778224,39.178811442634995,7.9275102775428445,85.19601599539858
307.8,5.13,Normal,3.9152892186492734,42.510124242746585,8.509466371381063,95.5239168530355
308,5.133333333333334,Normal,3.8910927914231173,34.84708763542618,8.163195509119314,96.52042674118212
308.20000000000005,5.136666666666668,Normal,3.8151049328394726,42.45004854033991,8.109422931890874,96.62362731311006
308.40000000000003,5.140000000000001,Normal,3.8266339654346933,38.88834358820763,8.288976336889343,98.51086167155685
308.6,5.1433333333333335,Normal,3.931887828944457,40.40619531013689,7.780322761664251,96.5297839676141
308.8,5.1466666666666665,Normal,3.9162249978481354,37.04042070389183,9.108037425678488,98.92771491887036
309,5.15,Normal,3.868680422517922,43.10434772149983,8.695671128021505,97.53888946251716
309.20000000000005,5.153333333333334,Normal,3.9016266569213762,44.840353379800014,7.8420670054722175,102.93642656757706
309.40000000000003,5.156666666666667,Normal,3.8438571940317106,43.10298780307291,8.935945470289266,84.2422279100774
309.6,5.16,Normal,3.9072651459542738,42.25788476423728,8.365302674926037,98.71746889627786
309.8,5.163333333333333,Normal,3.8732456651955394,37.55216239937319,9.119191292323531,89.1435385778003
310,5.166666666666667,Normal,3.880851375671722,38.023690668167966,8.389834810599467,96.09667969929902
310.20000000000005,5.170000000000001,Normal,3.918888101244342,43.02336706736911,8.943683092184619,93.50796794021355
310.40000000000003,5.173333333333334,Normal,3.9455912568268396,48.72657321094418,8.29938732684917,100.62971371291547
310.6,5.176666666666667,Normal,3.9171285736422994,41.004024878117775,9.08654961519169,98.10333804457434
310.8,5.180000000000001,Normal,3.922605820954118,48.37771065140811,9.0110344352029,96.3052322929838
311,5.183333333333334,Normal,3.97554664763012,40.54922302378817,8.738519837672445,97.60933635979127
311.20000000000005,5.186666666666667,Normal,3.9969663864700835,41.31975568603629,7.697132394567249,93.86738981644085
311.40000000000003,5.19,Normal,3.947572309896385,42.429544893722635,9.133922132341498,98.31451307949985
311.6,5.193333333333333,Normal,3.9043176874720777,44.915895728496615,7.976271493367963,93.8910908520277
311.8,5.196666666666667,Normal,3.9335078238315844,48.5560703978833,8.523673552782624,93.08646702466143
312,5.2,Normal,3.9483059220243124,44.26090011696242,8.288468028712458,88.1863888426555
312.20000000000005,5.203333333333334,Normal,3.8838265218284227,40.53415041288634,8.33848215215971,89.76995090325444
312.40000000000003,5.206666666666667,Normal,3.890123739994194,40.17744384442109,8.11108954419038,94.4180003725114
312.6,5.21,Normal,3.937103455943721,43.68391471300341,7.645690341893072,94.05969752202155
312.8,5.213333333333334,Normal,3.950509592005981,39.1411262715704,8.988356371610063,106.79102475099478
313,5.216666666666667,Normal,3.843479693182425,40.32527450125346,7.954540267282799,94.8118979590357
313.20000000000005,5.220000000000001,Normal,3.86088056873123,42.0953023555483,7.891374721220537,86.72291586501012
313.40000000000003,5.223333333333334,Normal,3.8740160792978524,38.077085240886994,8.779055993122514,97.32286494439619
313.6,5.2266666666666675,Normal,3.8770513121149777,45.71272381567949,8.3973923938027,90.58734219310642
313.8,5.23,Normal,3.864443468220111,42.68037089807924,8.352516949435618,94.10768809298666
314,5.233333333333333,Normal,3.846403182185367,38.47504789076531,8.99062462580917,87.00334765227109
314.20000000000005,5.236666666666667,Normal,3.8985830261786845,39.700564096868874,9.469022344100205,98.57011745595716
314.40000000000003,5.24,Normal,3.896630986623152,41.02993505841973,8.056947477006533,97.12482256835159
314.6,5.243333333333334,Normal,3.8871304064814276,41.260493413961136,7.480703886805905,98.53013077834893
314.8,5.246666666666667,Normal,3.9015519073882152,43.58860823522576,8.649636620251465,90.37735033582103
315,5.25,Normal,3.8815032725190095,43.78496704596814,9.118953234526785,95.91714179624297
315.20000000000005,5.253333333333334,Normal,3.9147604939639677,42.242288114199845,9.159643174101008,89.96804015915899
315.40000000000003,5.256666666666667,Normal,3.941242237324055,38.64537881443375,8.25408605708381,91.68929628023795
315.6,5.260000000000001,Normal,3.8959623404657515,42.87989249587956,8.508642567810517,93.88750405055096
315.8,5.263333333333334,Normal,3.942543349486443,40.20201122482804,7.674385081373153,97.05803186246804
316,5.266666666666667,Normal,3.909316677270427,40.21019675009141,7.432221414330869,96.15334954282191
316.20000000000005,5.2700000000000005,Normal,3.9807711180696184,38.930755442814316,8.92397490302102,103.47607216864095
316.40000000000003,5.273333333333334,Normal,3.9248010658851142,46.42137514738101,8.626690522453016,90.33329068567707
316.6,5.276666666666667,Normal,3.9168562319547466,40.397962189433265,8.196619898373863,102.97503611520052
316.8,5.28,Normal,3.910348255070347,47.20780802056512,8.514556725610188,93.33606743333277
317,5.283333333333333,Normal,3.9437520256700465,34.73588397765412,8.448901938536945,98.71737491694773
317.20000000000005,5.286666666666667,Normal,3.9104525327569304,42.77974641395048,8.349751483077267,87.59217191339134
317.40000000000003,5.290000000000001,Normal,3.892413930302576,44.42824754050222,7.869810765223977,105.60153283934814
317.6,5.293333333333334,Normal,3.8560977012074913,43.667916057470755,8.321600655505843,90.63624767494898
317.8,5.296666666666667,Normal,3.9319238560845156,42.519418558538796,9.653496364906324,91.35878540832161
318,5.3,Normal,3.900432764170322,34.705001461811385,8.450943213023093,93.33451601362817
318.20000000000005,5.303333333333334,Normal,3.8840304060339386,42.493542875872876,8.938640335511117,94.49497207576611
318.40000000000003,5.3066666666666675,Normal,3.8553026157045807,44.55827655656427,8.51469420920206,90.54933486996225
318.6,5.3100000000000005,Normal,3.804014817574084,44.9732612597501,8.592507216479328,95.14140902011711
318.8,5.3133333333333335,Normal,3.8489467275621,39.82757095164066,7.759318379073462,94.51278770463722
319,5.316666666666666,Normal,3.8750529326439023,42.531195846799434,9.210085736131045,99.75125222636802
319.20000000000005,5.320000000000001,Normal,3.846930338872448,39.23747021047703,7.985655230034256,100.73873860273557
319.40000000000003,5.323333333333334,Normal,3.842416453439371,41.49456625622705,7.749632984225867,95.02402028097268
319.6,5.326666666666667,Normal,3.9231012321627716,40.80294755073407,9.112885837548461,91.78007828371344
319.8,5.33,Normal,3.8450457066770847,40.436699127266955,7.855653109566533,95.2363596476228
320,5.333333333333333,Normal,3.8739244049991517,43.48941016120983,8.826776600910941,94.20070314631005
320.20000000000005,5.336666666666668,Normal,3.8834971157300324,44.078190803884134,8.986177113575891,83.49535341435003
320.40000000000003,5.340000000000001,Normal,3.897032069168406,42.93847573645744,9.380740572794778,97.16064062637427
320.6,5.343333333333334,Normal,3.95652670679548,40.859070027958616,9.172344815694371,94.9989276695076
320.8,5.346666666666667,Normal,3.8876007034506634,43.193793350298684,8.582569893050163,91.64936802298288
321,5.35,Normal,3.935743156568895,40.50590514507662,9.068428619884815,86.33368857484857
321.20000000000005,5.353333333333334,Normal,3.931609613986808,47.00119877855572,8.689383131254273,90.45828447909639
321.40000000000003,5.356666666666667,Normal,3.982614595088319,41.678113813719854,8.469042547443987,88.1288712256312
321.6,5.36,Normal,3.9648745683178293,40.14643348797736,7.893965297625616,102.27073903886357
321.8,5.363333333333333,Normal,3.9161957631482096,39.322548234857315,8.774280823636111,93.80263321272464
322,5.366666666666666,Normal,3.9547395307443542,42.15549672037001,8.81232137402269,90.3213824443853
322.20000000000005,5.370000000000001,Normal,3.8863038508362857,43.096377438753414,7.746839311309644,97.96421988071118
322.40000000000003,5.373333333333334,Normal,3.8674657652757274,43.726521374084825,9.137408675440323,103.86856282564636
322.6,5.376666666666667,Normal,3.926705094231899,42.21975041604374,8.964109233768879,103.1903275679996
322.8,5.38,Normal,3.892023876268344,39.29536620398609,8.7030075344214,98.91595786242985
323,5.383333333333334,Normal,3.8252638804007812,42.61773853248316,8.782782382996077,94.30403294965876
323.20000000000005,5.386666666666668,Normal,3.8869084916417025,44.20473051842104,8.479827710562935,90.57859189546802
323.40000000000003,5.390000000000001,Normal,3.852399732609678,43.64589243221852,8.7871687684023,102.74914034569287
323.6,5.3933333333333335,Normal,3.8520651706299813,43.274626917025316,7.344818931840212,98.74528681335492
323.8,5.3966666666666665,Normal,3.9002608021725735,43.117095426678176,8.713114583450603,94.58953349122166
324,5.4,Normal,3.8513989863249383,39.341337901370814,8.541343136303592,92.5052450240735
324.20000000000005,5.403333333333334,Normal,3.860534704874711,44.314020703665264,9.523610821942821,98.40129578179457
324.40000000000003,5.406666666666667,Normal,3.856937125034312,40.39576479593062,8.888126662714075,89.92034844079058
324.6,5.41,Normal,3.8932646689261463,51.02728710687755,9.042595686165628,96.54796639725322
324.8,5.413333333333333,Normal,3.9073789815885474,38.36408608784928,8.693135799702231,105.02588069503764
325,5.416666666666667,Normal,3.92368854221946,40.160592537147394,9.378223803935915,98.31295309610731
325.20000000000005,5.420000000000001,Normal,3.9121533020038317,43.7249256234014,8.787151389918318,92.98373409427928
325.40000000000003,5.423333333333334,Normal,3.907667592471727,41.71536322865047,8.257949675740878,89.52111089240418
325.6,5.426666666666667,Normal,3.8570144221329814,39.98890152711087,8.514573785885467,98.44178927832274
325.8,5.430000000000001,Normal,3.966710419086126,44.99180483617508,8.509586555164445,101.2010733158246
326,5.433333333333334,Normal,3.970296620228967,45.39510511508989,8.661543675130751,93.2416943107202
326.20000000000005,5.436666666666667,Normal,3.960856976967061,47.33837854594932,8.213300804718214,90.48039022343796
326.40000000000003,5.44,Normal,3.927877548517683,40.0712173122871,8.550356060324484,100.30609385613441
326.6,5.443333333333333,Normal,3.964658233926663,35.13348170220107,8.202720042842062,104.01836229937517
326.8,5.446666666666667,Normal,3.9662047752980687,44.59802416053639,7.8316016136038336,94.58385209412904
327,5.45,Normal,3.9323233275547245,43.38675376349454,8.957955580016336,100.66423224698195
327.20000000000005,5.453333333333334,Normal,3.915224663562191,45.11047533481592,9.073342998559411,93.84231275667078
327.40000000000003,5.456666666666667,Normal,3.8492358243831384,43.476461906366815,8.613518769030096,94.23999909376863
327.6,5.46,Normal,3.9423157502072783,39.161740590556334,8.192250716963386,98.89536832886314
327.8,5.463333333333334,Normal,3.8945660843802234,40.38694908590809,9.26221188954621,95.74881157572317
328,5.466666666666667,Normal,3.889942342757945,43.26932877879626,8.375395617138617,86.86834095047467
328.20000000000005,5.470000000000001,Normal,3.900852856761532,45.887006550213506,7.954584894684118,102.01175521397701
328.40000000000003,5.473333333333334,Normal,3.8618625900116323,44.6205834727802,7.284932174814512,92.56746273668868
328.6,5.4766666666666675,Normal,3.834940690800483,40.008960302661166,9.614241398026591,94.39920705132205
328.8,5.48,Normal,3.853799505533753,40.985259244546825,9.001723327293142,90.29030256445229
329,5.483333333333333,Normal,3.8326135262086045,45.91837347311696,8.393523325779853,103.31602652267324
329.20000000000005,5.486666666666667,Normal,3.8870410303270786,39.41576298678626,8.94449843605567,91.44615214092275
329.40000000000003,5.49,Normal,3.8666318792847263,36.318309082232076,8.821847549669673,90.08636583726683
329.6,5.493333333333334,Normal,3.878091806398145,43.245958393042756,8.516400505324201,83.31619063664255
329.8,5.496666666666667,Normal,3.881395150131081,40.45804973711576,8.543617566221185,104.19156559071853
330,5.5,Normal,3.9341653677582626,42.465218583252494,8.2421443182071,105.07429874440555
330.20000000000005,5.503333333333334,Normal,3.8735237514242957,39.55198308166413,8.37644613779479,97.874552670596
330.40000000000003,5.506666666666667,Normal,3.9149224543962995,41.81758654775567,8.267465693798773,95.16130313284432
330.6,5.510000000000001,Normal,3.882372681737648,37.94330070342058,7.618535774898198,94.05413035306869
330.8,5.513333333333334,Normal,3.9337125549969065,40.002518569737404,8.614620558894238,84.47513919996254
331,5.516666666666667,Normal,3.938446725168686,39.23707141237946,9.25776520619018,88.30688521003515
331.20000000000005,5.5200000000000005,Normal,3.951546049549591,45.28822912054486,7.345185113920375,84.25593510649192
331.40000000000003,5.523333333333334,Normal,3.940416162505923,46.850086808507484,8.688112281107596,95.2032012894016
331.6,5.526666666666667,Normal,3.9563742244587505,38.509561450847066,8.8719115764005,91.25797583337382
331.8,5.53,Normal,3.93092801721519,41.099318407657314,8.432970740358591,88.25196149070034
332,5.533333333333333,Normal,3.9269378768104266,38.418887155460354,8.036339780541322,95.77620839239154
332.20000000000005,5.536666666666667,Normal,3.9563466333634674,46.2918382150733,8.511812661169277,88.42272119806265
332.40000000000003,5.540000000000001,Normal,3.930536145640169,42.85528433613097,9.248573853545473,96.52490199560799
332.6,5.543333333333334,Normal,3.9393798300127,41.91147893993085,9.685993920288809,96.7635745917413
332.8,5.546666666666667,Normal,3.9069956612134145,44.34809782185554,9.299922842220068,104.47517195308723
333,5.55,Normal,3.8615259690436705,40.03870148572287,8.223535468953532,101.4885129733598
333.20000000000005,5.553333333333334,Normal,3.8717066800572053,42.10066113664966,9.320368783563646,95.81012768434343
333.40000000000003,5.5566666666666675,Normal,3.8132488440148773,41.63153634451349,8.486079557733085,87.98415501058126
333.6,5.5600000000000005,Normal,3.8668880791901885,40.220188805546464,8.322680049033758,97.43035915637675
333.8,5.5633333333333335,Normal,3.8561005615263935,38.17089771133017,8.953980975211891,90.79952780359918
334,5.566666666666666,Normal,3.8922737859247727,40.99150685800236,8.486063485238837,100.11932451358638
334.20000000000005,5.570000000000001,Normal,3.882076756477298,46.41165650898733,7.84731819454252,89.77291517843614
334.40000000000003,5.573333333333334,Normal,3.905872534145275,45.738008141780966,7.797695927987416,96.47276546609757
334.6,5.576666666666667,Normal,3.949965078334892,45.875000431763134,8.484680080439517,93.46847204112979
334.8,5.58,Normal,3.8643370106458628,46.247156990839734,8.18701155567117,96.96356852714798
335,5.583333333333333,Normal,3.8963791785931283,38.235235469399676,8.803509181584559,96.47950925886448
335.20000000000005,5.586666666666668,Normal,3.9076549872881405,39.78430581724971,8.03740773867156,90.3415487410424
335.40000000000003,5.590000000000001,Normal,3.901164446294979,40.75050420000616,8.41845902782489,96.43998407999591
335.6,5.593333333333334,Normal,3.9791506209018452,43.42091550473489,8.503746641919639,89.48889304742445
335.8,5.596666666666667,Normal,3.904827504042824,39.043222343222745,8.078842271690213,95.37892048283821
336,5.6,Normal,3.9312251262688673,42.56551555428735,7.271754474546342,99.76303513677101
336.20000000000005,5.603333333333334,Normal,3.9494299348573056,35.744388730674224,9.158046957186286,94.68312689411046
336.40000000000003,5.606666666666667,Normal,3.943650911220742,41.19668587731932,8.398875590237811,90.93559432889244
336.6,5.61,Normal,3.9323646122990588,38.41561569725584,7.559546646194452,90.5400559908719
336.8,5.613333333333333,Normal,3.922548336913355,39.325050683030504,8.510069213361563,91.39991663080406
337,5.616666666666666,Normal,3.9230354511883094,38.991851329155836,9.123595504793283,99.46429427062833
337.20000000000005,5.620000000000001,Normal,3.8968519612911656,43.84776844725659,8.777470964863413,89.57041208264016
337.40000000000003,5.623333333333334,Normal,3.8891421484141757,39.03916418484516,7.74468930984948,91.30775034367258
337.6,5.626666666666667,Normal,3.920715237994479,44.07485728765492,8.492918243666939,92.19326981773929
337.8,5.63,Normal,3.928545361390183,41.41053001377363,8.06396835462001,99.57858623334451
338,5.633333333333334,Normal,3.846067043549333,43.3235365646445,7.823381825603356,94.5180474338952
338.20000000000005,5.636666666666668,Normal,3.8655559637612638,40.153301409760836,8.97601165490417,91.56983840574512
338.40000000000003,5.640000000000001,Normal,3.883878046191287,41.2639751211483,8.510331759040898,89.86146502361008
338.6,5.6433333333333335,Normal,3.868557327060276,40.8116671390205,8.114818261096259,92.92442963534089
338.8,5.6466666666666665,Normal,3.9036027174138637,41.34925666045447,7.951690306670534,99.63693512434133
339,5.65,Normal,3.842884998201271,41.89789069663781,8.783807940420665,100.32351458355004
339.20000000000005,5.653333333333334,Normal,3.8514022934005245,45.22930217722517,9.382258906737695,86.4418792517967
339.40000000000003,5.656666666666667,Normal,3.885712923649844,39.40541061898772,8.050923258501063,97.28922072256613
339.6,5.66,Normal,3.8678028814479686,40.192889971962686,8.6324644177747,79.2062424020146
339.8,5.663333333333333,Normal,3.9482105280401814,38.32975446990511,8.176128501401143,106.38704712870228
340,5.666666666666667,Normal,3.8827879609320393,43.0777987031271,8.261315236807482,93.23892576679425
340.20000000000005,5.670000000000001,Normal,3.9185799797920167,42.763081855843204,8.86560267573605,95.80693120985244
340.40000000000003,5.673333333333334,Normal,3.9455510075073827,40.28683964911771,8.418780421835462,101.76435552886491
340.6,5.676666666666667,Normal,3.8939980255490747,40.71303575744344,8.223910740706117,96.96609848483281
340.8,5.680000000000001,Normal,3.964923511337892,40.40394665775437,8.671255192982093,102.01546662537757
341,5.683333333333334,Normal,3.893517998683696,40.359466478057854,8.831516434984426,94.35392088011352
341.20000000000005,5.686666666666667,Normal,3.9102171013472558,50.824123803041246,8.213798497790872,89.74068733194721
341.40000000000003,5.69,Normal,4.001401662490024,35.3598975406347,8.377917335915386,92.07734351516183
341.6,5.693333333333333,Normal,3.9658199899257385,42.51269227967672,9.555609131145479,99.23049565545145
341.8,5.696666666666667,Normal,3.9017511734095307,44.405474771842194,8.080907000624155,94.92834454919199
342,5.7,Normal,3.8609757537021223,39.60881058234797,7.997682968276695,98.69448254115439
342.20000000000005,5.703333333333334,Normal,3.834239426413499,42.74678752853778,8.822298153409694,88.66909122568126
342.40000000000003,5.706666666666667,Normal,3.960836879282045,40.85490705574126,8.707872490095264,91.43876839083572
342.6,5.71,Normal,3.9320915631073006,46.165619703067655,8.277343934187122,94.21038910325017
342.8,5.713333333333334,Normal,3.858689887869061,42.88893808727351,7.934939483197212,95.64151853943206
343,5.716666666666667,Normal,3.8328347096166664,44.985559121003554,7.793732879687352,102.36627309620171
343.20000000000005,5.720000000000001,Normal,3.926281615017627,40.80319425221128,9.110866698904902,104.20560669227575
343.40000000000003,5.723333333333334,Normal,3.8873928308661116,43.6322411098725,8.644187915319284,88.6711828329857
343.6,5.7266666666666675,Normal,3.8369572513434647,42.39107547855598,8.362614384270218,102.10729196495605
343.8,5.73,Normal,3.8522966381148516,45.221202533613045,8.62102710106229,104.0188349439465
344,5.733333333333333,Normal,3.905094416040858,45.0454673628916,8.054005444816958,92.4193535775018
344.20000000000005,5.736666666666667,Normal,3.8924001923947533,38.84376869030081,8.38032604350429,99.9097205007974
344.40000000000003,5.74,Normal,3.835475324744755,44.77437198471876,8.069498078602619,101.55057183336642
344.6,5.743333333333334,Normal,3.8866013252645075,43.16380676385131,7.294592072187446,97.87312826653469
344.8,5.746666666666667,Normal,3.9178281515789117,39.62434794815626,8.053348278383757,99.54661468288154
345,5.75,Normal,3.9203317264657063,42.53178342481704,8.979008087700144,94.66950705067349
345.20000000000005,5.753333333333334,Normal,3.9326338823799527,40.25095271170562,7.812915945431291,98.8964189058
345.40000000000003,5.756666666666667,Normal,3.898301850411342,44.688974711654,9.023264793927712,100.51147569412332
345.6,5.760000000000001,Normal,3.941285938992888,47.871804599350774,8.536869797180728,93.60216279320215
345.8,5.763333333333334,Normal,3.9887990051097013,44.25373858192745,9.103906224685007,96.92572355288213
346,5.766666666666667,Normal,3.8844584004011296,38.23944128097389,8.79454858590665,96.11225033409097
346.20000000000005,5.7700000000000005,Normal,3.8984808790329266,38.73160918976954,7.302918111241516,98.96521009417216
346.40000000000003,5.773333333333334,Normal,3.9801554760210336,48.36791561185592,8.51449707647128,96.92451404590159
346.6,5.776666666666667,Normal,3.988817770506998,43.69193620245755,7.781285383022198,97.69247658683709
346.8,5.78,Normal,3.9715818519129455,40.38569821055834,7.4847545617638165,93.52839419194147
347,5.783333333333333,Normal,3.9510494880234237,43.49968068923801,7.737061051972039,92.19645028822542
347.20000000000005,5.786666666666667,Normal,3.9213502470660333,39.317007387515766,9.08082422540868,96.61781308232436
347.40000000000003,5.790000000000001,Normal,3.9009748788346337,38.50952208120742,7.8961656804375275,94.63325863027954
347.6,5.793333333333334,Normal,3.927619432296313,38.97854793294003,7.9796724145802465,100.22244802571869
347.8,5.796666666666667,Normal,3.837535192580863,45.53982601036422,8.553819182245563,92.67129760345121
348,5.8,Normal,3.9224666176574554,42.746205960369295,8.483230751925431,95.84030323881274
348.20000000000005,5.803333333333334,Normal,3.8598935368600453,33.60223268898435,8.573224389705079,85.72478098646144
348.40000000000003,5.8066666666666675,Normal,3.902613748244353,41.6738771407632,8.118497518601366,94.67734692190393
348.6,5.8100000000000005,Normal,3.8465738731251964,44.23703101694564,7.921759673668321,93.04151046150871
348.8,5.8133333333333335,Normal,3.9120333760237807,40.09646749393529,8.61386410523648,95.20203977909237
349,5.816666666666666,Normal,3.8561749033478057,40.26233196335093,8.96638632945196,101.97878384541418
349.20000000000005,5.820000000000001,Normal,3.8486675537280357,37.638424689732254,9.388403032610205,97.91295980707368
349.40000000000003,5.823333333333334,Normal,3.8883228240971985,44.976351412249706,9.148839056641332,85.74120583144953
349.6,5.826666666666667,Normal,3.8588751594478836,44.20796091858648,8.94809276630759,96.35111076403369
349.8,5.83,Normal,3.890136163078213,41.979265076756576,8.933380180952662,93.68580577423837
350,5.833333333333333,Normal,3.942580211841756,44.26579540085558,8.83513980479384,93.05699094849497
350.20000000000005,5.836666666666668,Normal,3.854668869902384,40.529094848872774,8.321908486769285,92.05790449983282
350.40000000000003,5.840000000000001,Normal,3.8885545137337516,44.32907107939576,8.117243662301721,98.36678135696799
350.6,5.843333333333334,Normal,3.927197504690554,37.52985678399825,8.854150150953041,97.62167958062298
350.8,5.846666666666667,Normal,3.9849443293160123,45.23312115280439,9.401047810338623,93.70518015932838
351,5.85,Normal,3.9579161838132633,38.80471893417474,8.88818150014394,97.12785192397448
351.20000000000005,5.853333333333334,Normal,3.913844767308802,41.74378351525983,8.800880284830537,98.31262618091147
351.40000000000003,5.856666666666667,Normal,3.9428670589569648,42.0056380538721,8.57422402598743,99.32605642678585
351.6,5.86,Normal,3.942544679770091,44.40791862020296,7.904257648705342,92.78821910858643
351.8,5.863333333333333,Normal,3.922196205052821,43.640215324803904,8.262665044091309,95.67810028541867
352,5.866666666666666,Normal,3.9203027168828886,45.609331013748,8.6621425103570715,93.74287229520934
352.20000000000005,5.870000000000001,Normal,3.8784816173054693,43.879614511118724,9.052053807029012,90.7822408132024
352.40000000000003,5.873333333333334,Normal,3.9104238673874345,40.75023669085326,9.315409655054411,87.12205117813976
352.6,5.876666666666667,Normal,3.8594120630707645,41.280444799285,7.849834006890581,88.63908895038458
352.8,5.88,Normal,3.909248403143605,41.968067707758124,8.174878515081824,99.93158218080293
353,5.883333333333334,Normal,3.834766368739861,43.28825978576248,8.11637368789467,99.78275404004297
353.20000000000005,5.886666666666668,Normal,3.8936493210523095,40.453210987353096,9.042273038522344,95.30492699665598
353.40000000000003,5.890000000000001,Normal,3.8967877172399974,40.83635933781773,9.149888010263513,99.17816479235915
353.6,5.8933333333333335,Normal,3.890382411835367,39.54181057751747,8.906371915655521,96.25039173715523
353.8,5.8966666666666665,Normal,3.934156301285198,37.39110906238272,8.416459850445756,89.41326776411474
354,5.9,Normal,3.7983415717817794,46.88237318306412,7.767896106197206,102.32024806905477
354.20000000000005,5.903333333333334,Normal,3.836898195958481,43.870161301926544,9.05703196919184,95.7320614685345
354.40000000000003,5.906666666666667,Normal,3.810875897731392,41.247368196416325,9.10769706878067,100.22011368151067
354.6,5.91,Normal,3.875358478191911,43.674211742822976,7.833562547585532,96.10718055993244
354.8,5.913333333333333,Normal,3.845888234957971,45.86914006532657,8.73805428140801,86.43505914336029
355,5.916666666666667,Normal,3.9025400074939776,38.56054699556704,8.665314687838869,101.94996349845849
355.20000000000005,5.920000000000001,Normal,3.902575607783858,44.63646615488702,8.671903234511623,98.57325012288278
355.40000000000003,5.923333333333334,Normal,3.8477932631919254,38.35597280502989,9.134193484263566,88.27394949839659
355.6,5.926666666666667,Normal,3.934219842892476,43.53805533882652,7.600126646517532,86.88050500384523
355.8,5.930000000000001,Normal,3.9661944284371335,42.91145409621036,8.10507109767894,94.90708735016769
356,5.933333333333334,Normal,3.9123621633452488,41.890311079347626,9.442268060359856,94.39332861024366
356.20000000000005,5.936666666666667,Normal,3.888280751249232,37.95213577790662,8.291980515289755,84.78931632193523
356.40000000000003,5.94,Normal,3.968263641561725,41.034066899070005,8.532155192792802,91.25404469422031
356.6,5.943333333333333,Normal,3.9359748899779192,43.39228107421919,8.622488800891634,103.29553114553325
356.8,5.946666666666667,Normal,3.9686936055086655,48.07417781511391,9.054874758408523,93.94737491011067
357,5.95,Normal,3.8978875063094307,38.55933284317309,9.569681080044251,96.32450031925512
357.20000000000005,5.953333333333334,Normal,3.8839962832551507,36.97711229522582,8.266827201462105,86.62409479725716
357.40000000000003,5.956666666666667,Normal,3.9311812732685456,38.73039217696076,8.52705549376553,83.86638118966415
357.6,5.96,Normal,3.933334524026757,40.928949463781194,8.462194944022661,107.14298962172037
357.8,5.963333333333334,Normal,3.8410982670203926,40.12383698091382,7.905958231087577,96.2593287664137
358,5.966666666666667,Normal,3.8877891037030166,37.70375044371776,8.535704439654811,94.41787174982636
358.20000000000005,5.970000000000001,Normal,3.877787893936342,36.109822089882805,8.600201965284691,89.07462174917622
358.40000000000003,5.973333333333334,Normal,3.865207536913258,47.25457218322416,8.174939184895626,99.30460755133358
358.6,5.9766666666666675,Normal,3.8590930761524866,41.89409129272834,8.765231204271526,92.02789748848744
358.8,5.98,Normal,3.8356308753443686,39.737021560728834,8.749495451402346,97.56209294856784
359,5.983333333333333,Normal,3.839407269037527,40.091190120675,8.943898219243321,99.08623961079115
359.20000000000005,5.986666666666667,Normal,3.8177351073509773,47.61462627601729,8.119114698370508,90.7203138788514
359.40000000000003,5.99,Normal,3.9585408821701047,45.890895751245566,8.864643655767296,94.62380063976121
359.6,5.993333333333334,Normal,3.911914316140866,39.832108863400265,8.960368218136503,97.0967908275858
359.8,5.996666666666667,Normal,3.890179430396517,46.435730088293006,7.966095890368031,92.97775014663735
360,6,Normal,3.9245790494035706,45.844221409541994,8.883054009310941,100.62587544217516
360.20000000000005,6.003333333333334,Normal,3.8861672962052465,43.32705259247949,6.96500635454834,98.52831542354481
360.40000000000003,6.006666666666667,Normal,3.928069876448769,42.786959706771285,8.758980703140375,95.14665305781564
360.6,6.010000000000001,Normal,3.9136251864434675,34.27022442639732,9.318379021392232,100.0990339791203
360.8,6.013333333333334,Normal,3.9370240334781412,41.888351807108315,8.292484367207694,92.91426043111801
361,6.016666666666667,Normal,3.9359688521516487,38.319958412678375,8.486109698686452,91.1879519992529
361.20000000000005,6.0200000000000005,Normal,3.914437874637909,40.40745235301725,7.441100902086701,104.95665305147506
361.40000000000003,6.023333333333334,Normal,3.9552819501544545,43.66134395678151,8.695205161999953,88.14996426531913
361.6,6.026666666666667,Normal,3.954244404415104,36.737203303012386,8.801185466651939,95.57033278050523
361.8,6.03,Normal,3.902836498637961,40.58104409433631,7.871589190494077,99.02951913228593
362,6.033333333333333,Normal,3.899957650800357,39.0820265472045,9.570921677447306,99.69447603208226
362.20000000000005,6.036666666666667,Normal,3.920190869634839,38.25676991702543,8.534831142981993,77.20872191524259
362.40000000000003,6.040000000000001,Normal,3.8616326629905835,40.42568689970397,7.972101337223948,93.9794621450611
362.6,6.043333333333334,Normal,3.8906782925150094,45.87150331076223,9.117604943223075,99.8973877654426
362.8,6.046666666666667,Normal,3.8592292431933233,44.395188259876576,8.814618609698783,98.46580234436229
363,6.05,Normal,3.8411947133625612,37.85465088507888,8.065640859180867,100.06453847535724
363.20000000000005,6.053333333333334,Normal,3.836754411114535,43.737076693394044,8.566169995191606,88.77071336437001
363.40000000000003,6.0566666666666675,Normal,3.808297569336023,38.89679484292076,8.677627343692517,102.10218534351797
363.6,6.0600000000000005,Normal,3.8317298055527838,42.88246495984769,8.622433216616473,90.4484645949265
363.8,6.0633333333333335,Normal,3.8429003478734334,42.208897223478026,9.279856118065943,92.60472669779622
364,6.066666666666666,Normal,3.8776457810397233,42.934706624039826,8.61177095096794,91.8996394403316
364.20000000000005,6.070000000000001,Normal,3.8258353217382024,42.11131459545124,8.334056897015316,88.87591643988554
364.40000000000003,6.073333333333334,Normal,3.9094412372709697,43.56671744396455,7.920966128703983,89.53846314294736
364.6,6.076666666666667,Normal,3.889652728452363,42.45427182666085,8.346916983046242,96.81581142510576
364.8,6.08,Normal,3.8580922347649933,44.14060617315675,8.416915933312502,91.4812753098835
365,6.083333333333333,Normal,3.9611552979468243,42.61082829581311,8.634921382191505,95.56131025920372
365.20000000000005,6.086666666666668,Normal,3.858116576210474,45.85516403627702,8.958056366043667,94.69340330907107
365.40000000000003,6.090000000000001,Normal,3.946556120214612,41.81845809838466,8.632224321370064,91.77494515949616
365.6,6.093333333333334,Normal,3.8788976463905906,39.43649242755032,8.15324526488769,95.483111728207
365.8,6.096666666666667,Normal,3.9432188996766624,40.796152393283,8.854643396313705,90.65533600684182
366,6.1,Normal,3.931578007046501,41.58560583310005,7.265855495335737,91.20315121888433
366.20000000000005,6.103333333333334,Normal,3.9123381536443755,37.77936848896126,9.292187107242952,91.77551037566909
366.40000000000003,6.106666666666667,Normal,3.90219098609209,37.19796012639532,8.731072474229308,89.52387964330512
366.6,6.11,Normal,3.933773862783375,39.49819981410543,9.161699877085463,97.08379626070365
366.8,6.113333333333333,Normal,3.921135032167302,43.80348821889286,8.867635874243902,99.36773023285055
367,6.116666666666666,Normal,3.9303354825261487,48.21563666703364,8.578211812562342,91.45006909450784
367.20000000000005,6.120000000000001,Normal,3.9221381309522556,41.28391195832574,8.160895953843623,83.51028918509549
367.40000000000003,6.123333333333334,Normal,3.9366136449688245,38.192584100004865,9.283772950983034,100.35833797510739
367.6,6.126666666666667,Normal,3.931044790138211,40.132077086735876,9.177788151592534,101.54291313252975
367.8,6.13,Normal,3.842993497302254,41.15092170283928,8.16773434129662,94.00990044693663
368,6.133333333333334,Normal,3.913504870275972,45.63788081150839,8.017129445409465,96.22232451447096
368.20000000000005,6.136666666666668,Normal,3.855711088480963,41.037783650472754,8.51991547389374,92.4141859668703
368.40000000000003,6.140000000000001,Normal,3.867297534296045,39.94974647321492,8.28896604200751,95.72330037244814
368.6,6.1433333333333335,Normal,3.859350683439987,40.97574163039908,8.256941658692561,88.95627496609016
368.8,6.1466666666666665,Normal,3.852456985606346,42.03569160468179,8.85191866678649,96.41708691781501
369,6.15,Normal,3.836867998681651,51.30085039420133,7.969024371889987,97.26642692904011
369.20000000000005,6.153333333333334,Normal,3.843581996253484,46.816816389207304,8.99126122544859,96.93087369547989
369.40000000000003,6.156666666666667,Normal,3.907652143062232,43.67117724170787,7.68240743479144,96.61485513859557
369.6,6.16,Normal,3.9488507052248156,46.87433538683031,9.39533016573905,103.80181357439163
369.8,6.163333333333333,Normal,3.910393790468105,38.27212073097777,8.90885903177434,87.72742120567767
370,6.166666666666667,Normal,3.9183825919836295,38.107977109115645,8.813496955038776,95.22468515757045
370.20000000000005,6.170000000000001,Normal,3.895430967172946,45.422033740289905,7.772555281880387,94.15993663445666
370.40000000000003,6.173333333333334,Normal,3.8731178346499173,43.02800759212474,8.620666853565128,89.99427277851463
370.6,6.176666666666667,Normal,3.918971180846165,45.762763393543366,7.809989312899155,89.07769908899246
370.8,6.180000000000001,Normal,3.9256417057491024,42.304625707707494,8.447698563122923,99.31313669463144
371,6.183333333333334,Normal,3.9311471779743834,36.96715438349993,8.89089955018421,97.46346515340453
371.20000000000005,6.186666666666667,Normal,3.928172943187203,39.6511027904236,8.044986310955382,92.55688976870643
371.40000000000003,6.19,Normal,3.9699495333326156,47.39789436952231,7.6355946771690695,96.89807031339686
371.6,6.193333333333333,Normal,3.972464890859876,37.236369128660165,8.12909061634156,99.16633006747452
371.8,6.196666666666667,Normal,3.9493519673724276,41.0420720363548,8.181351279203644,100.47591940040367
372,6.2,Normal,3.889847226100847,42.64657801051004,8.59938471772621,87.7704636501666
372.20000000000005,6.203333333333334,Normal,3.9069316335774786,41.21324498412491,9.053129605640091,97.40923706921322
372.40000000000003,6.206666666666667,Normal,3.937549021369594,43.65385163047962,9.00435929913838,105.06340360324208
372.6,6.21,Normal,3.9027351178365763,46.34071642082502,8.170814716921631,93.88465490239274
372.8,6.213333333333334,Normal,3.852699761785422,43.25154104693984,7.848092589242327,103.23939934506105
373,6.216666666666667,Normal,3.855516907583673,42.06538546450202,8.6464820120666,101.58261829829765
373.20000000000005,6.220000000000001,Normal,3.826887878369539,40.92968126699566,8.770387289945067,101.25622232475646
373.40000000000003,6.223333333333334,Normal,3.878233632752275,37.94068610821765,8.175206066005384,107.99273500721559
373.6,6.2266666666666675,Normal,3.832340169888666,42.14181650856535,8.186499604508166,89.69265286042074
373.8,6.23,Normal,3.878220493396584,43.019382701547045,8.616771957360962,97.0230356808294
374,6.233333333333333,Normal,3.8911130575908723,42.19062406581441,9.540517730234992,101.61481656135668
374.20000000000005,6.236666666666667,Normal,3.8822720334783165,41.43531713157899,8.818254469925042,99.44947224352045
374.40000000000003,6.24,Normal,3.848235051610277,37.49278953503324,8.707387307388547,88.56630202684518
374.6,6.243333333333334,Normal,3.8358894606080645,42.122254391932266,8.882172591811608,89.26016345976856
374.8,6.246666666666667,Normal,3.8540960631064274,49.47368976394514,8.304259977059603,87.11282188759647
375,6.25,Normal,3.890618693402695,43.725478796373295,7.604466667877369,101.53695117445486
375.20000000000005,6.253333333333334,Normal,3.887026095137577,37.998724543126805,8.925906038359626,92.05585916836498
375.40000000000003,6.256666666666667,Normal,3.9403832741311633,43.082283216867225,8.61391245082684,94.3659599274984
375.6,6.260000000000001,Normal,3.915147970283809,44.13305534492671,7.739261579533174,96.35288336999061
375.8,6.263333333333334,Normal,3.8563338795691604,45.73583801584054,9.041554821162022,92.71752805310474
376,6.266666666666667,Normal,3.951701779671903,39.007813663517695,8.020964813367417,98.03050520805873
376.20000000000005,6.2700000000000005,Normal,3.9838049720854896,40.91908580251027,8.73709190275962,94.00970745510934
376.40000000000003,6.273333333333334,Normal,3.9112450563218584,44.8007480641204,8.267111561968232,102.25540626830276
376.6,6.276666666666667,Normal,3.934210210971784,40.43114292383671,7.589958741792417,97.24711453908861
376.8,6.28,Normal,3.9102367300671266,36.59483313497629,9.142518651336765,100.78086319538782
377,6.283333333333333,Normal,3.876080097495834,42.07212836752278,7.460141160484688,94.00273058811243
377.20000000000005,6.286666666666667,Normal,3.886599990442861,42.74117113450881,7.888039099599636,95.60812314709524
377.40000000000003,6.290000000000001,Normal,3.8871384713838615,38.8406598648064,8.27335633248509,92.06442571401152
377.6,6.293333333333334,Normal,3.8700484950180654,39.14920282597189,9.84384512968867,96.89977169083966
377.8,6.296666666666667,Normal,3.880878340620586,42.20526411308163,8.899636677805379,96.90249635063614
378,6.3,Normal,3.8218891156371124,42.54715824342242,8.672870813673047,91.28044368242729
378.20000000000005,6.303333333333334,Normal,3.8856241103328255,42.486173174266256,8.55509554663944,101.84905263181362
378.40000000000003,6.3066666666666675,Normal,3.8226608099573274,38.29333663522306,8.379729377327298,96.57728241204902
378.6,6.3100000000000005,Normal,3.8412335804349644,39.02545511056542,8.723241491712503,95.31836777087523
378.8,6.3133333333333335,Normal,3.8604149502878955,41.463397898882796,7.640455897202706,101.51934757262049
379,6.316666666666666,Normal,3.872630533397336,43.41832821638137,8.28683020695306,99.66931829913872
379.20000000000005,6.320000000000001,Normal,3.80619040049553,44.86222890142478,8.400392723719154,97.09449159528683
379.40000000000003,6.323333333333334,Normal,3.831030062428754,40.65465449816287,9.034359521395892,102.57604571681166
379.6,6.326666666666667,Normal,3.860406009462992,46.19127265603172,8.523637401499796,92.2179858208363
379.8,6.33,Normal,3.8365155081021918,41.32637664458923,8.369515755875653,97.16058329487007
380,6.333333333333333,Normal,3.892197680430245,43.8648020856219,8.343887790692595,91.35013526547107
380.20000000000005,6.336666666666668,Normal,3.8889543845924845,41.474121761181195,8.499906290502956,97.82378467355305
380.40000000000003,6.340000000000001,Normal,3.9663236337345276,47.17967260091785,7.296030674167078,94.59591933488487
380.6,6.343333333333334,Normal,3.866458238417296,46.91300694331759,8.119961605785432,101.86084698794733
380.8,6.346666666666667,Normal,3.911647627132446,42.22117937903439,8.217677117060814,104.4198455390371
381,6.35,Normal,3.8857998621539798,46.729041427191575,8.954473788776664,98.4605811570031
381.20000000000005,6.353333333333334,Normal,3.899501395438576,37.635953763827956,8.95276357735927,86.31681238616848
381.40000000000003,6.356666666666667,Normal,3.9695615844547425,49.880264364020725,7.440401418951122,95.6058179069447
381.6,6.36,Normal,3.8784643265694885,32.102577045780144,8.894374698643327,97.856835380854207
381.8,6.363333333333333,Normal,3.955295057919036,45.23587491336055,8.117097070130187,97.97685549158366
382,6.366666666666666,Normal,3.897422349779408,40.385778843982166,8.985928688029194,95.90717166001154
382.20000000000005,6.370000000000001,Normal,3.9199538797893605,45.07896120156757,7.8812681082525184,92.91175801856778
382.40000000000003,6.373333333333334,Normal,3.8570115916798002,44.05574605220829,9.028227321850336,96.20175568197847
382.6,6.376666666666667,Normal,3.9069021740016012,40.568332713438885,8.012717982136918,88.85076151048146
382.8,6.38,Normal,3.9034267123254804,46.51582308307656,8.439582851031659,89.1124202586179
383,6.383333333333334,Normal,3.8185202333255206,44.54842419693534,8.067584132410131,99.67338192455793
383.20000000000005,6.386666666666668,Normal,3.884715076492609,37.654287704058056,7.377668704319257,107.83601417946277
383.40000000000003,6.390000000000001,Normal,3.8411659586555675,44.14842880902708,7.934762415984548,95.5626628209529
383.6,6.3933333333333335,Normal,3.8884870298442467,40.86895251702042,8.66823323732925,99.93189146092891
383.8,6.3966666666666665,Normal,3.828267990317774,44.97812277197415,7.970479213900542,101.49083428266896
384,6.4,Normal,3.853651703743288,40.45923318807598,9.033098872815714,96.03163104113055
384.20000000000005,6.403333333333334,Normal,3.830980942867202,42.724009243934766,8.52810344933948,110.48101776415211
384.40000000000003,6.406666666666667,Normal,3.870597185741141,41.26377605658494,8.60914459737106,90.28664362868166
384.6,6.41,Normal,3.898510539206767,38.27681591863979,7.99455079149704,96.59338721879699
384.8,6.413333333333333,Normal,3.896143963786366,42.49640643523429,8.739284486151051,102.55550598306012
385,6.416666666666667,Normal,3.85271443906055,39.85322840134227,9.358330624969073,95.73534300490762
385.20000000000005,6.420000000000001,Normal,3.9310536527394495,47.39355646362349,8.754404622087154,101.74732485562748
385.40000000000003,6.423333333333334,Normal,3.8893582013603876,44.20798225345404,7.901133329953373,91.09568603340155
385.6,6.426666666666667,Normal,3.9190945639219454,37.897131567585134,8.209937773682281,95.31854714115018
385.8,6.430000000000001,Normal,3.9574097428767363,37.94581721125565,9.211514427409805,98.60287280103402
386,6.433333333333334,Normal,3.932145643457237,41.69287088969717,8.378068497031219,97.86311966126915
386.20000000000005,6.436666666666667,Normal,3.9109125943666205,41.17389124750129,9.670453557921913,95.08621922576246
386.40000000000003,6.44,Normal,3.936518114219722,40.56412285466773,8.03856943570872,92.74682319097218
386.6,6.443333333333333,Normal,3.9073403084879943,39.777892863968574,8.071714655907538,100.16743502283842
386.8,6.446666666666667,Normal,3.9068029509910445,43.21137737456601,8.067837042975324,94.20627875407712
387,6.45,Normal,3.962666347661894,43.822373285078704,8.990485328169012,92.41265855814592
387.20000000000005,6.453333333333334,Normal,3.9333437310684514,37.7396946410647,9.15414141583343,89.15096437899322
387.40000000000003,6.456666666666667,Normal,3.894690852379573,41.44120700527773,6.978924710580602,86.02402662912569
387.6,6.46,Normal,3.838839736345556,42.99772133096271,9.327328679986687,111.23431818095803
387.8,6.463333333333334,Normal,3.9214379854298627,47.76348561633613,7.526431311426153,92.77885495450224
388,6.466666666666667,Normal,3.886848043720587,44.189017738619256,8.421965119225172,96.17325668944646
388.20000000000005,6.470000000000001,Normal,3.8129634414727085,39.96261366452752,7.945095546606998,96.4181871885523
388.40000000000003,6.473333333333334,Normal,3.874787354963876,42.49237197947354,8.788294347440603,98.59447139049475
388.6,6.4766666666666675,Normal,3.866317139306726,43.73235709983752,9.135498680625826,85.54233915787094
388.8,6.48,Normal,3.8634490097724905,41.77763146964919,8.03106153179334,90.67503919923138
389,6.483333333333333,Normal,3.862518627732263,44.06756512700436,9.028869760396436,97.84570523033815
389.20000000000005,6.486666666666667,Normal,3.8673479785893856,42.564611662606616,8.374683160832191,94.09693137011365
389.40000000000003,6.49,Normal,3.870608965396189,43.46099938703801,8.87605628119782,93.43114365424724
389.6,6.493333333333334,Normal,3.8932674630448965,38.832682858780686,9.225902427209622,96.22022754280295
389.8,6.496666666666667,Normal,3.8551750615675884,42.96394500275201,9.230933410270815,99.20138092976362
390,6.5,Normal,3.8892038681688303,42.966911161146626,8.73971136179225,103.96432133428732
390.20000000000005,6.503333333333334,Normal,3.8976635997688214,41.254768067549705,8.156763073418531,90.64955888765162
390.40000000000003,6.506666666666667,Normal,3.905354983186152,43.2749600316469,8.473939839171399,93.95705751630895
390.6,6.510000000000001,Normal,3.8832203144333834,44.0976115104744,8.293662728016505,94.69686774880569
390.8,6.513333333333334,Normal,3.9244986114107903,47.62342934658679,8.687727772664385,91.98388337320196
391,6.516666666666667,Normal,3.914517883112622,40.348177255782595,9.195076128784113,87.14141824011693
391.20000000000005,6.5200000000000005,Normal,3.941447629093971,45.305751297697014,8.232980297036143,98.06712114606229
391.40000000000003,6.523333333333334,Normal,3.9256264184461425,40.50436656543515,8.00154554875683,100.58514935953099
391.6,6.526666666666667,Normal,3.8970679033359903,45.26363276269363,8.514212552479584,97.43289662870414
391.8,6.53,Normal,3.931453339877002,42.81196768980977,8.596119010980097,98.95175659413982
392,6.533333333333333,Normal,3.92050199062721,44.716938984341056,7.838704578854714,90.51517415351512
392.20000000000005,6.536666666666667,Normal,3.881856457013632,37.22393799349462,8.459969882764979,95.11385274539451
392.40000000000003,6.540000000000001,Normal,3.8767757087037746,46.440905915507074,7.853556248047271,96.46610605538004
392.6,6.543333333333334,Normal,3.9410252746334757,45.501329517747934,8.042269433075026,102.14848428929763
392.8,6.546666666666667,Normal,3.871267258144684,37.28695723840103,8.313103772806482,110.79320511025657
393,6.55,Normal,3.843837303138702,45.335588384748625,8.76185956795559,94.89897203724414
393.20000000000005,6.553333333333334,Normal,3.8338129080165966,47.654485629590035,8.015424890524207,85.47927280095037
393.40000000000003,6.5566666666666675,Normal,3.8638795494280984,40.887816226917984,8.633422270968069,95.19624596199057
393.6,6.5600000000000005,Normal,3.854076565614622,41.319052854001264,9.051540093159792,99.41018170459681
393.8,6.5633333333333335,Normal,3.8596994399057785,39.112931525152064,8.799497889878586,97.812245409154
394,6.566666666666666,Normal,3.8342009845468557,41.13617073195686,8.104287597207573,103.25795010829538
394.20000000000005,6.570000000000001,Normal,3.830466334962216,40.054609680638606,8.679713665461833,98.80413809440756
394.40000000000003,6.573333333333334,Normal,3.8070784156591415,38.887876937511685,8.087792629322724,94.16809774944196
394.6,6.576666666666667,Normal,3.881911200589341,45.73382164925042,8.988228352442997,91.66715448974874
394.8,6.58,Normal,3.9313938941972184,44.639612240701894,8.036270821960057,100.3852695623524
395,6.583333333333333,Normal,3.827655956438867,39.075328899985244,9.239858971227724,93.87679803328083
395.20000000000005,6.586666666666668,Normal,3.9105331515347324,42.49315390520159,8.837530033832865,97.10567350720446
395.40000000000003,6.590000000000001,Normal,3.8593340335892097,45.352317984952066,8.594191995838965,87.32189631559852
395.6,6.593333333333334,Normal,3.8973575371019558,46.06504330375151,8.545783278786663,94.91949509697993
395.8,6.596666666666667,Normal,3.9109803239309753,39.549495644952216,8.74225352819574,97.30336718369472
396,6.6,Normal,3.9270562124427073,44.71198701916635,8.36833191186298,97.53321145402585
396.20000000000005,6.603333333333334,Normal,3.9095522462291292,40.73734551070585,7.9611799716979075,102.26351608049715
396.40000000000003,6.606666666666667,Normal,3.940709646742399,47.06377986474182,8.720874553082872,102.23873622172424
396.6,6.61,Normal,3.9044518243512734,39.02835074998139,7.954498196182834,94.8705372281197
396.8,6.613333333333333,Normal,3.9177036467454,45.96141590305652,8.971557177087847,92.8010133821882
397,6.616666666666666,Normal,3.9338376710375553,38.707860690489426,7.706277427826647,93.88223733555041
397.20000000000005,6.620000000000001,Normal,3.9247921257408773,39.52794105083903,8.736384157731546,95.93056524664063
397.40000000000003,6.623333333333334,Normal,3.891687408366566,41.62070593480136,8.033225740270792,100.37842889585966
397.6,6.626666666666667,Normal,3.8993883995793857,42.73162667947147,8.867241828715219,98.83995596785081
397.8,6.63,Normal,3.90026123368776,46.797260497653255,7.974335157640377,100.4372489203404
398,6.633333333333334,Normal,3.8448778611412218,38.5517598412508,8.80911342601598,98.2919015980695
398.20000000000005,6.636666666666668,Normal,3.81819843902034,35.245744223106776,9.801734621566132,92.45793816511221
398.40000000000003,6.640000000000001,Normal,3.817053872484463,37.842043029880294,7.467136956970105,88.42793794719738
398.6,6.6433333333333335,Normal,3.837248882848205,42.23274398931672,8.190130930787541,94.00815523214874
398.8,6.6466666666666665,Normal,3.881129978162159,43.358387236761565,9.030459954975461,103.82759583322544
399,6.65,Normal,3.836137872166276,37.96012132636432,8.094118925447294,97.72788792124233
399.20000000000005,6.653333333333334,Normal,3.824557713895034,43.87532007809025,8.839245698490348,86.48665373737832
399.40000000000003,6.656666666666667,Normal,3.8673986786940273,42.48336621480104,8.552265050706424,96.76602072399729
399.6,6.66,Normal,3.8496290717231787,43.13393376507266,8.432316051925985,99.26075278551407
399.8,6.663333333333333,Normal,3.92607881451008,43.126759928113536,7.9267229856984205,94.90780756253649
400,6.666666666666667,Normal,3.91145743071496,40.80964133062944,8.042913461475846,99.66170120356166
400.20000000000005,6.670000000000001,Normal,3.884192785677149,43.263598481146005,7.734880583607997,92.37347654518008
400.40000000000003,6.673333333333334,Normal,3.8436145474250036,43.932081865527486,9.236636259642562,101.92337091824783
400.6,6.676666666666667,Normal,3.9545628832629522,36.79482710987539,8.164435967313175,96.55388135000513
400.8,6.680000000000001,Normal,3.8820373837525026,45.27683756767476,7.946959249356079,101.2093514799412
401,6.683333333333334,Normal,3.910546887135697,39.096445396024045,8.458929918848249,96.97380740947648
401.20000000000005,6.686666666666667,Normal,3.93421940246106,44.66246095267576,9.589983367391213,102.64960346540633
401.40000000000003,6.69,Normal,3.947619958731142,40.121787916419606,8.740127617380383,93.23719576688516
401.6,6.693333333333333,Normal,3.9174588447510823,39.18853991938757,7.60861234481874,88.41980121204553
401.8,6.696666666666667,Normal,3.919804579805632,47.205575546764216,8.074519525345327,95.52652530029178
402,6.7,Normal,3.8939514043650654,43.891095858173045,8.727617139972608,98.69722509278049
402.20000000000005,6.703333333333334,Normal,3.837138454398729,45.86943522360463,9.378787238156848,95.55193718838066
402.40000000000003,6.706666666666667,Normal,3.902976525684097,41.201945027211686,8.880373915764103,102.94106542029822
402.6,6.71,Normal,3.870325034751845,39.246857576549054,8.198343718556565,100.16194329629249
402.8,6.713333333333334,Normal,3.9046004286857943,38.95133893108692,9.001158960912132,88.49616525953539
403,6.716666666666667,Normal,3.8970096850421907,43.870273091787595,8.628156750024122,100.31757333962949
403.20000000000005,6.720000000000001,Normal,3.851198371623856,43.151857389668116,9.143360509069172,91.4753814685236
403.40000000000003,6.723333333333334,Normal,3.7963186659979096,44.21863545242015,8.34438923731863,100.24345065101636
403.6,6.7266666666666675,Normal,3.840916686035496,43.834422353641344,9.64617014207241,95.96128837939801
403.8,6.73,Normal,3.8283793058099906,40.222979048608735,7.478486795333467,95.82136384024957
404,6.733333333333333,Normal,3.820041396484579,39.52898057334555,7.860326305582386,99.1248575063559
404.20000000000005,6.736666666666667,Normal,3.847280911890189,44.69187598124029,7.29020140826983,97.11484930483425
404.40000000000003,6.74,Normal,3.8469784351459126,44.76371738743466,7.736057440714891,99.57729572380674
404.6,6.743333333333334,Normal,3.8699514061518663,37.28186151054283,8.239251188740786,94.7781060874492
404.8,6.746666666666667,Normal,3.859686956368213,39.16557364501297,9.09674466660844,101.16091708275079
405,6.75,Normal,3.8951597853704576,44.30244148371414,8.020262766347356,100.01409026213466
405.20000000000005,6.753333333333334,Normal,3.878806852171504,44.38065871295771,8.840675940012083,94.2125684434306
405.40000000000003,6.756666666666667,Normal,3.8743940071598857,47.508443022412024,7.274901042986465,93.38846537475428
405.6,6.760000000000001,Normal,3.919835973281529,41.086388039053446,9.424835403030137,89.05650019066701
405.8,6.763333333333334,Normal,3.9584617561389503,45.55971580209462,7.833268482658447,100.37387827381272
406,6.766666666666667,Normal,3.8152891399696447,45.05351795238708,9.68843609282466,99.15020859756306
406.20000000000005,6.7700000000000005,Normal,3.8641125289151272,43.21647186315488,8.334814738264711,104.03132289405269
406.40000000000003,6.773333333333334,Normal,3.8785724848455327,39.5759339191801,8.678864856071563,101.25682742639844
406.6,6.776666666666667,Normal,3.9331267790923596,46.13177652849161,7.65746515237349,93.53891742403727
406.8,6.78,Normal,3.944893808546295,43.16917719385975,9.251403113641658,100.45531715758075
407,6.783333333333333,Normal,3.8830219009409084,42.285960164398325,9.028650297809168,97.09214562248653
407.20000000000005,6.786666666666667,Normal,3.9496691550788063,41.989104885072024,8.84837629933999,93.20906494418666
407.40000000000003,6.790000000000001,Normal,3.898201287017919,41.87431599317271,8.236880473548219,86.77185228011426
407.6,6.793333333333334,Normal,3.8927657359271444,44.184220550014224,8.488263158726438,96.60190521760282
407.8,6.796666666666667,Normal,3.865824933916615,36.428823098589035,9.030244134831582,87.86683841774986
408,6.8,Normal,3.872031216004847,39.60586828159289,8.36152194252292,96.04254973502736
408.20000000000005,6.803333333333334,Normal,3.8670204278259344,48.300618698706195,8.286589430567568,95.56024923381591
408.40000000000003,6.8066666666666675,Normal,3.824509140110623,40.53570031353456,7.9835221704548,86.4924231323966
408.6,6.8100000000000005,Normal,3.813462040126489,39.56169316281857,8.471554527305942,110.13829505247469
408.8,6.8133333333333335,Normal,3.8186310086055912,44.30242382509525,7.9822183942645,98.63893491294822
409,6.816666666666666,Normal,3.80995688395008,42.92751310930926,9.364316033981845,104.03734075028163
409.20000000000005,6.820000000000001,Normal,3.844352767599116,37.18937032916533,8.342143714793048,92.85345603732218
409.40000000000003,6.823333333333334,Normal,3.896834318814099,43.22655391339276,8.365493006811034,97.40664735149089
409.6,6.826666666666667,Normal,3.86064608947708,40.816039090193534,7.91302332426667,98.68649145178298
409.8,6.83,Normal,3.8528205625778473,39.713979972998494,8.203690994625909,107.27036259136128
410,6.833333333333333,Normal,3.8894698741971827,43.826717070794096,8.730964414913307,99.5713080371579
410.20000000000005,6.836666666666668,Normal,3.8751715226254904,47.394425378605355,8.118197703462988,90.9570718006092
410.40000000000003,6.840000000000001,Normal,3.9356608027275986,39.579560891243496,8.778599702924003,94.73249527535492
410.6,6.843333333333334,Normal,3.8877944358324754,35.694935418743114,9.197196408589273,94.48378008695549
410.8,6.846666666666667,Normal,3.920417487552844,37.62331088380704,8.819372511428003,103.78893888747804
411,6.85,Normal,3.8925005439667033,44.23647258355078,8.050442862239478,91.82147740192664
411.20000000000005,6.853333333333334,Normal,3.8828832683995653,39.1954571408583,7.605445930066318,89.16942879211012
411.40000000000003,6.856666666666667,Normal,3.8774462484793344,48.22997853970882,8.061957570617558,98.3047540360858
411.6,6.86,Normal,3.9160606067871893,42.04708427410121,8.187493589792236,99.23197353478834
411.8,6.863333333333333,Normal,3.881389063205371,38.576679471342786,8.443066826237873,97.57246258130118
412,6.866666666666666,Normal,3.9134035542771857,43.00437809923894,8.246039624947894,102.4448658564502
412.20000000000005,6.870000000000001,Normal,3.9006870159893303,35.75787581134697,8.172603562867465,91.29316295178364
412.40000000000003,6.873333333333334,Normal,3.9265280863284695,41.12861638148318,7.7968697884287606,104.8676048989633
412.6,6.876666666666667,Normal,3.869273263479908,41.561366537530816,8.027516405867877,97.37891929863595
412.8,6.88,Normal,3.8380500661610273,43.12012592240943,9.0647726937715,101.24154573916348
413,6.883333333333334,Normal,3.9128931059561887,43.61842802510747,8.601348990511491,95.90541147872062
413.20000000000005,6.886666666666668,Normal,3.8713288286560608,42.10247544824648,8.744377441919687,102.31793346712118
413.40000000000003,6.890000000000001,Normal,3.8465300648094813,40.45019831292938,8.390706650891987,99.2088676701641
413.6,6.8933333333333335,Normal,3.810040168674395,44.9548206225341,9.175505534311684,95.62647889391019
413.8,6.8966666666666665,Normal,3.826886598871819,39.33266309104694,9.10815072744575,107.41107386972047
414,6.9,Normal,3.8906024910522907,42.96789200744001,8.965639685485957,94.39498800133782
414.20000000000005,6.903333333333334,Normal,3.820132610190843,40.62228002556938,8.69379645955611,96.3758411435033
414.40000000000003,6.906666666666667,Normal,3.8615254827887506,41.686278320228084,8.691977955740825,84.35445113079332
414.6,6.91,Normal,3.86931149388054,38.378692996390335,8.209386812233783,92.6047574939491
414.8,6.913333333333333,Normal,3.878903777431167,38.415229108703755,8.586843900058437,93.12940217934084
415,6.916666666666667,Normal,3.883592767804569,44.08413668214565,8.066652439611723,95.17705927289917
415.20000000000005,6.920000000000001,Normal,3.876319190795615,45.912008770138264,9.716939755692795,88.35525685653455
415.40000000000003,6.923333333333334,Normal,3.9103837638146617,46.505980068308084,8.081843794692983,93.17754489223519
415.6,6.926666666666667,Normal,3.885357763114211,42.26548171210163,8.492570162897582,97.6687825230893
415.8,6.930000000000001,Normal,3.9270703621574543,45.620118173968784,8.518215016897958,89.75731077461899
416,6.933333333333334,Normal,3.908336216554162,45.48192452254613,8.656672995217464,107.91028793508379
416.20000000000005,6.936666666666667,Normal,3.9386018338340554,38.460454823966046,9.003518392411575,91.31266912645312
416.40000000000003,6.94,Normal,3.885160224380869,38.89311298535861,8.403578563787988,96.00429633843848
416.6,6.943333333333333,Normal,3.90157254370364,45.10162948388174,8.060799184833753,93.50498300591755
416.8,6.946666666666667,Normal,3.931381642795384,42.35566408850411,8.233930636744075,99.5030075288652
417,6.95,Normal,3.933685967609853,40.42544255367821,8.299225576147204,97.42127329644987
417.20000000000005,6.953333333333334,Normal,3.897031004431767,39.970690564699666,8.528894498409892,90.04181702744609
417.40000000000003,6.956666666666667,Normal,3.8735340932163167,36.53687025396393,8.35371581192687,92.85231158608528
417.6,6.96,Normal,3.888668825743289,40.64652373206552,8.565801619673156,91.53876700458498
417.8,6.963333333333334,Normal,3.8724312459006653,40.899738809227486,8.31740531713011,104.1597213152798
418,6.966666666666667,Normal,3.8889460682896666,39.80791065995415,9.160487862677545,98.94695212631144
418.20000000000005,6.970000000000001,Normal,3.9067356994720988,40.855978473508294,8.359353094409657,95.30874187494842
418.40000000000003,6.973333333333334,Normal,3.844437370120661,42.45468710759278,8.945159596113934,97.70663955305665
418.6,6.9766666666666675,Normal,3.878434387754451,40.15105814476802,9.325634424537615,92.30914947319684
418.8,6.98,Normal,3.8522176040371217,45.59953413787284,7.782806246963279,100.533817743342
419,6.983333333333333,Normal,3.857132675936921,39.21831174172023,7.647178285139464,96.48731337070394
419.20000000000005,6.986666666666667,Normal,3.8556326801674503,40.57341260537659,9.757404736647345,97.96362558988814
419.40000000000003,6.99,Normal,3.8264112391704534,41.88751600210135,7.586479363849727,97.05564495257923
419.6,6.993333333333334,Normal,3.861452885094416,40.8016448206121,8.839166572782347,107.42586327054141
419.8,6.996666666666667,High Load,3.8434392822552086,33.647017958965336,10.759178861231778,114.20890920115362
420,7,High Load,3.976625607498981,31.66439605723448,9.01166680283832,115.15412178134952
420.20000000000005,7.003333333333334,High Load,4.014535272147463,27.367560619724557,10.266266063083243,111.61941467559299
420.40000000000003,7.006666666666667,High Load,4.179755641268274,23.025246841039,9.699955436076252,102.13406950494505
420.6,7.010000000000001,High Load,4.264088873832664,31.543091257324615,10.674750956430005,105.47894402982584
420.8,7.013333333333334,High Load,4.353817602616778,25.17116458407854,9.871183490761101,116.62931593769835
421,7.016666666666667,High Load,4.416257263605724,31.404466879657328,9.328845481748354,116.57897342193539
421.20000000000005,7.0200000000000005,High Load,4.385178075854294,28.641372719635243,9.94085322363972,110.60326092309269
421.40000000000003,7.023333333333334,High Load,4.338213541533849,25.431760510675925,8.649002899466502,111.64214460222848
421.6,7.026666666666667,High Load,4.279186810413204,23.123724895837654,10.306259271528903,103.9702675383723
421.8,7.03,High Load,4.1947700156001675,28.80678374956432,10.071022284637507,113.91316251133478
422,7.033333333333333,High Load,4.127575354622715,31.343624654562976,10.634022154350987,111.11061670182698
422.20000000000005,7.036666666666667,High Load,4.148228441211593,27.428872856672058,10.02002519371764,111.57562573572987
422.40000000000003,7.040000000000001,High Load,4.023445058829335,25.256104767164956,9.084765578143248,107.13903412831569
422.6,7.043333333333334,High Load,4.001577262884785,28.7998087648,8.82666059091861,103.98509361841704
422.8,7.046666666666667,High Load,3.8658035275595393,27.138921778544276,9.04203366355745,107.05609215941438
423,7.05,High Load,3.88917914971946,19.698583378566703,10.252402937750242,115.36996115682325
423.20000000000005,7.053333333333334,High Load,3.8308065764432704,27.676037167333543,9.345144104247122,109.5350208978346
423.40000000000003,7.0566666666666675,High Load,3.8881070445246144,22.830786663786903,9.660666849119657,112.49544556737692
423.6,7.0600000000000005,High Load,3.7795618535327677,30.659487601683278,8.245140166967701,107.28005362624629
423.8,7.0633333333333335,High Load,3.7875873077759477,26.03596327807776,9.748784532208168,107.29765140869583
424,7.066666666666666,High Load,3.815657142713849,24.424800266512747,9.683582910915437,119.44181944501959
424.20000000000005,7.070000000000001,High Load,3.806414398001838,25.812587200090427,9.166555844509686,116.99615742671547
424.40000000000003,7.073333333333334,High Load,3.885077621027542,34.69802027138715,9.74579130581314,106.49239077860688
424.6,7.076666666666667,High Load,3.871149001848004,26.41715232777153,9.293211927018026,110.01484421064004
424.8,7.08,High Load,3.8575208711351556,27.919468960420176,9.350863603413812,112.75049973606917
425,7.083333333333333,High Load,3.8534576965174248,31.511052039709003,9.954315785153087,109.36357180719705
425.20000000000005,7.086666666666668,High Load,3.8831567534809683,21.75309480708639,9.997873941216945,123.2608374086096
425.40000000000003,7.090000000000001,High Load,3.8874736556063096,28.312023466464193,9.050058544636153,121.76264202409862
425.6,7.093333333333334,High Load,3.9120840886198436,27.001598679159855,9.56449550579259,110.602819542248
425.8,7.096666666666667,High Load,3.9294056046687897,25.96722404980571,10.224680397592172,110.52112494875588
426,7.1,High Load,3.90546629514227,29.208875328248517,8.8302832817917,104.70015719561731
426.20000000000005,7.103333333333334,High Load,3.9412214032060167,24.695722208934225,9.067509301279694,109.44996194497443
426.40000000000003,7.106666666666667,High Load,3.9592960003838296,32.94697123525056,9.955143130002654,106.97680994878874
426.6,7.11,High Load,3.929355733564128,32.23940442535531,10.55748537256867,110.46251802316135
426.8,7.113333333333333,High Load,3.940319598872623,34.945919853141476,8.859861803620884,99.21909055264119
427,7.116666666666666,High Load,3.915528054413718,24.20819440346765,10.315296795811124,115.8426213876775
427.20000000000005,7.120000000000001,High Load,3.9153211703670134,25.58346881818084,8.838400497552783,110.82769988296606
427.40000000000003,7.123333333333334,High Load,3.858192989117608,27.361290767889123,10.526204544969822,103.20783325163752
427.6,7.126666666666667,High Load,3.880487592837252,27.719659337467068,9.67298060052928,117.81565677281768
427.8,7.13,High Load,3.873004729083416,27.61942573085415,9.341579720569705,103.56782777598735
428,7.133333333333334,High Load,3.804696848764466,25.325466465734383,9.328620155015797,118.49462984040899
428.20000000000005,7.136666666666668,High Load,3.8983700849370155,29.40775512776679,10.46949563427628,112.26366081390951
428.40000000000003,7.140000000000001,High Load,3.828691421411923,32.029137227545306,9.760890938923472,107.97123916804242
428.6,7.1433333333333335,High Load,3.774547469934048,25.81045118567238,11.257530479036003,122.14269275489694
428.8,7.1466666666666665,High Load,3.842486752885705,31.3446163400779,9.301502215070965,120.77791732941503
429,7.15,High Load,3.8643424144824143,24.32092125188318,9.937031804770807,117.44589549540983
429.20000000000005,7.153333333333334,High Load,3.8351934343393945,25.51870733237231,10.060573871079164,110.77681248537316
429.40000000000003,7.156666666666667,High Load,3.8472816359132187,24.38444825644761,9.732078927933241,114.58017998880244
429.6,7.16,High Load,3.8839829944870154,24.529031082605684,9.639767580558969,107.5840234114965
429.8,7.163333333333333,High Load,3.860729077475386,27.010677379600242,9.720439182572706,120.9718759313899
430,7.166666666666667,High Load,3.8500972486899006,29.975948083999,9.674406742758267,113.96456342075376
430.20000000000005,7.170000000000001,High Load,3.8820506608633707,27.911898170961944,9.654529126268036,112.53070516154904
430.40000000000003,7.173333333333334,High Load,3.9295030859506106,29.276645367233975,9.944424712745919,126.13920319897075
430.6,7.176666666666667,High Load,3.9053908429953665,28.805300815439864,10.157353793396103,125.50442688792259
430.8,7.180000000000001,High Load,3.921986817046551,29.852950264642313,9.459698860329398,108.79884389800316
431,7.183333333333334,High Load,3.982648973593167,24.72485991406664,9.747947146970212,104.10251540909616
431.20000000000005,7.186666666666667,High Load,3.9011689140596975,27.50796384654779,10.045357134236673,109.26583253367919
431.40000000000003,7.19,High Load,3.887047826235493,26.34172790092835,9.405656921373435,114.74271463648746
431.6,7.193333333333333,High Load,3.943779222246453,24.15606048599703,9.841423364477368,104.33838850291535
431.8,7.196666666666667,High Load,3.86271034152447,27.411313059284954,10.084221209267739,117.54878001304283
432,7.2,High Load,3.942371644853763,26.31425182532481,9.552172980119453,105.81802806021805
432.20000000000005,7.203333333333334,High Load,3.8676328285251294,24.606632500588578,9.458373860920585,114.1428847960578
432.40000000000003,7.206666666666667,High Load,3.875682946920546,28.20481745204836,9.823464403664364,119.51526829381423
432.6,7.21,High Load,3.9291544049657454,20.636290440897422,10.115347525479795,113.31444037540099
432.8,7.213333333333334,High Load,3.8390284997799,29.14507409172624,8.969349445364262,105.9526387807627
433,7.216666666666667,High Load,3.8401475534806226,24.706086665235098,9.19306852306183,105.98828862700829
433.20000000000005,7.220000000000001,High Load,3.7874681859416337,25.59522937700787,10.940024825137886,99.65538002794062
433.40000000000003,7.223333333333334,High Load,3.791753291876907,27.02809437365035,10.128435428800161,104.82703467890063
433.6,7.2266666666666675,High Load,3.7996701741899854,24.135517060517774,9.094455345995575,118.61341035796887
433.8,7.23,High Load,3.8473923478974994,27.5316617863269,11.423180149720672,103.82393143269942
434,7.233333333333333,High Load,3.7926118353478087,27.84484727689762,10.607091287384325,111.60702052414926
434.20000000000005,7.236666666666667,High Load,3.838488302932678,33.80200613804475,9.43414432729301,103.30410925444725
434.40000000000003,7.24,High Load,3.8482855873039132,31.042162650521902,9.641025149914592,113.81765558248556
434.6,7.243333333333334,High Load,3.8430643137015053,26.245369660636214,9.855693429595597,113.95397315448402
434.8,7.246666666666667,High Load,3.882963264444316,28.095118741514124,10.356424719853658,122.775568742098
435,7.25,High Load,3.8806093481716433,22.991039850078398,8.902154677980798,121.72234217634772
435.20000000000005,7.253333333333334,High Load,3.878199766231674,28.650937232343047,10.248453568230003,111.43211511077205
435.40000000000003,7.256666666666667,High Load,3.8930785698698878,22.62777374599798,8.625173010050991,102.62773936251291
435.6,7.260000000000001,High Load,3.8591006053632135,31.120308470234374,9.239381340568587,106.74392053768949
435.8,7.263333333333334,High Load,3.9527936894704605,23.66846601357837,8.52549413097765,111.08843189799144
436,7.266666666666667,High Load,3.9162770126977575,23.725792728249605,9.615106035057824,112.42777571674709
436.20000000000005,7.2700000000000005,High Load,3.9099756987972096,23.978594057463877,8.901823581930577,100.25831289688581
436.40000000000003,7.273333333333334,High Load,3.8984390832498956,23.44444468780307,9.923619830664624,111.65223005110656
436.6,7.276666666666667,High Load,3.8858206639794983,30.997166620855506,11.05848903606916,110.24521928754861
436.8,7.28,High Load,3.9339750659933053,25.900469241214243,10.824983691280574,114.43321098869606
437,7.283333333333333,High Load,3.897163386398381,25.177199605421844,9.999391462246399,122.93780444096677
437.20000000000005,7.286666666666667,High Load,3.8488254412568432,26.09594399114293,9.12591604132366,113.89032695527544
437.40000000000003,7.290000000000001,High Load,3.899577578036363,28.826887226022855,9.608852553188944,125.28831377240243
437.6,7.293333333333334,High Load,3.8870899378387325,26.6853307046134,9.97018704560775,118.73806580049873
437.8,7.296666666666667,High Load,3.84847884534232,30.909283880128694,9.635340202884317,112.97899956570427
438,7.3,High Load,3.8236706618682663,26.512444489062396,9.123401011867612,112.75887368761641
438.20000000000005,7.303333333333334,High Load,3.8087304732431564,30.883173345291677,9.41329448262761,119.04512147768159
438.40000000000003,7.3066666666666675,High Load,3.846426815175252,22.430920481335484,9.197540205963003,117.3098866254676
438.6,7.3100000000000005,High Load,3.83528864370299,25.686677763638293,9.884916107282056,108.68097436648398
438.8,7.3133333333333335,High Load,3.79787243857928,24.073974339303962,9.573890705814643,101.03807261869939
439,7.316666666666666,High Load,3.8338034008996016,24.146904541366887,10.456059096000315,108.71990739446603
439.20000000000005,7.320000000000001,High Load,3.8494696286359997,30.530194551832707,10.215393874948377,104.5603222763709
439.40000000000003,7.323333333333334,High Load,3.845318601801291,26.988770365066067,9.492166303846169,111.14550765858819
439.6,7.326666666666667,High Load,3.891427434408772,27.2798323872059,8.45861724796885,115.88572984723575
439.8,7.33,High Load,3.9147761843641646,33.48755746884295,10.69337848278315,112.03700587652708
440,7.333333333333333,High Load,3.8919761905393178,26.0691948678829,10.609833805018566,115.69824293301683
440.20000000000005,7.336666666666668,High Load,3.8221623852051083,23.92358830466555,9.28632747914551,104.74456365143598
440.40000000000003,7.340000000000001,High Load,3.921874297392584,30.756720920541344,10.313042608715207,105.8435363060191
440.6,7.343333333333334,High Load,3.8713652933856326,27.534077637923033,10.589635382617434,114.61478794685961
440.8,7.346666666666667,High Load,3.8522921348860097,26.36508661016888,9.797753235110807,116.26150438841404
441,7.35,High Load,3.916064315585792,29.043444504714646,8.985403322515953,102.95013756776626
441.20000000000005,7.353333333333334,High Load,3.913702143248787,28.845889307690758,8.967334549679773,115.97887906930617
441.40000000000003,7.356666666666667,High Load,3.906376640532874,33.23715350863758,9.057788553551159,107.82539205551548
441.6,7.36,High Load,3.886090616852772,24.35161315888254,9.908984524719356,105.1338709028335
441.8,7.363333333333333,High Load,3.9199533710335124,28.29700089524669,9.713917876571644,116.7113987928018
442,7.366666666666666,High Load,3.9009211576335825,27.998289701084534,10.07816267274497,105.98343722900027
442.20000000000005,7.370000000000001,High Load,3.8510353215115245,22.495268446946863,9.193287677631703,116.05861311393129
442.40000000000003,7.373333333333334,High Load,3.831427632094349,27.913136664443147,9.808519013010581,109.883824395518
442.6,7.376666666666667,High Load,3.8191338582655256,30.977252351450893,9.934019200229265,118.38228443210457
442.8,7.38,High Load,3.850079912722194,23.11720823475923,10.308928999989659,101.47160900207739
443,7.383333333333334,High Load,3.8620140330674855,23.812388933188764,9.665262522874103,120.69117897114003
443.20000000000005,7.386666666666668,High Load,3.8701985468103413,26.09458888371118,10.03383764255881,118.66206642688074
443.40000000000003,7.390000000000001,High Load,3.864642980957256,31.77398812740742,9.426807238899586,116.74473256453628
443.6,7.3933333333333335,High Load,3.833518854668573,29.397838276438463,9.565064373159668,99.60798059491269
443.8,7.3966666666666665,High Load,3.822432672663017,27.34373568663563,9.12928296344528,122.3519059078748
444,7.4,High Load,3.843772123780724,30.007904684875342,8.81976408032447,119.42186828865505
444.20000000000005,7.403333333333334,High Load,3.83974222407248,23.46047116814252,9.769318269532976,122.91827045305317
444.40000000000003,7.406666666666667,High Load,3.8364954750573554,26.118528735269134,9.4163888347725,109.59707132561333
444.6,7.41,High Load,3.8557154684583534,29.281034380055303,10.411196106360233,110.54476604887664
444.8,7.413333333333333,High Load,3.842786398129927,29.625367871929853,8.746444055325647,109.6888053605412
445,7.416666666666667,High Load,3.959219437197274,30.48732388804756,10.259372002368705,106.15289113217017
445.20000000000005,7.420000000000001,High Load,3.797704819447135,27.542960395190143,9.633698553353234,117.76392621127802
445.40000000000003,7.423333333333334,High Load,3.93074316193451,21.31445372435521,10.469109791305382,110.04811742145412
445.6,7.426666666666667,High Load,3.969426172180516,28.035940013595695,10.05685418194316,103.97166700857346
445.8,7.430000000000001,High Load,3.9007396153366436,25.838164370944284,10.550430128521448,109.59720075060471
446,7.433333333333334,High Load,3.933713256204114,28.890537629917098,9.927676958179266,112.09626690115688
446.20000000000005,7.436666666666667,High Load,3.894800988417358,24.035847691038715,9.79934534649356,114.85390751510809
446.40000000000003,7.44,High Load,3.939771287599447,24.529517962790777,9.400484611725233,112.20581825471398
446.6,7.443333333333333,High Load,3.93373535287674,25.398034235599674,10.796490663972756,124.79083639406535
446.8,7.446666666666667,High Load,3.8655109257356624,32.783583070953966,9.864083385562143,115.85567510160008
447,7.45,High Load,3.8496596884887113,25.97916434914059,10.323108852113952,117.09907625493614
447.20000000000005,7.453333333333334,High Load,3.8941801271299314,26.748169999876563,9.422323638889077,112.50339200240045
447.40000000000003,7.456666666666667,High Load,3.838784286886865,23.458157152983514,9.393304615397614,111.84190244137575
447.6,7.46,High Load,3.9027048154662975,27.26272614171972,10.415343467009873,116.28598008870159
447.8,7.463333333333334,High Load,3.8667577600533622,25.70907143235661,9.154626131205683,122.12600271568618
448,7.466666666666667,High Load,3.8593320175959316,26.768497830950185,10.177308186957514,106.42061817039867
448.20000000000005,7.470000000000001,High Load,3.8443527646292415,25.171253328409037,9.188297598570557,111.45683503262612
448.40000000000003,7.473333333333334,High Load,3.841347165712613,26.726597804587744,10.316095796781546,116.02967373861475
448.6,7.4766666666666675,High Load,3.8632128783446795,30.76979172908612,10.101650957590797,113.39019181029592
448.8,7.48,High Load,3.8285159016837684,27.659133061215275,9.534241519256152,109.22115149810924
449,7.483333333333333,High Load,3.840309655702389,29.989824465414006,9.505194009774277,111.20199136346099
449.20000000000005,7.486666666666667,High Load,3.8359554325150684,28.18371918820969,9.424894524148693,110.57056581565445
449.40000000000003,7.49,High Load,3.8673467072177554,33.98497951379305,9.174914840214091,93.60757259368613
449.6,7.493333333333334,High Load,3.8298131105082063,27.77832653801528,10.726744706033461,127.45383172820605
449.8,7.496666666666667,High Load,3.8117631682208213,26.221394271764783,10.32758718624167,114.46609904525128
450,7.5,High Load,3.857488773222054,27.288370852404107,9.379483152084939,112.28930884789892
450.20000000000005,7.503333333333334,High Load,3.8160719808026746,23.69207448761452,10.166164921315866,111.56084534392204
450.40000000000003,7.506666666666667,High Load,3.852801758226936,30.21826436717179,9.28580495591676,110.2593599457211
450.6,7.510000000000001,High Load,3.8917781377970933,29.405377287033545,8.88784528588243,120.37696896105862
450.8,7.513333333333334,High Load,3.8674242503124194,24.309179459870816,10.309916007107722,121.63625618136507
451,7.516666666666667,High Load,3.9267979945918956,30.756356902314007,9.799174705737792,112.46555275849316
451.20000000000005,7.5200000000000005,High Load,3.9030056144452816,27.736031108378512,8.88928353500104,106.69247649311123
451.40000000000003,7.523333333333334,High Load,3.874847812813428,27.779070167852662,10.212580074375573,109.51105015670686
451.6,7.526666666666667,High Load,3.9274609074095417,24.35823929440179,10.104969986407985,104.11994919215537
451.8,7.53,High Load,3.8839764694446814,27.519599449032697,9.753998564041314,103.855129191639
452,7.533333333333333,High Load,3.9060511010947407,25.810389439844514,8.8655434144147,114.09288679356398
452.20000000000005,7.536666666666667,High Load,3.8828801226535727,25.475393983393744,9.454724878832085,115.17088245594394
452.40000000000003,7.540000000000001,High Load,3.865758829685988,30.713517679565754,10.788444326336549,117.38583060691008
452.6,7.543333333333334,High Load,3.828904961961474,26.28869946801086,9.780672157125688,114.41467705536822
452.8,7.546666666666667,High Load,3.770251832152498,29.405743028837648,9.388425038725707,113.4112548386876
453,7.55,High Load,3.7810910907357287,23.739477405299866,11.011410708278339,111.43874907561346
453.20000000000005,7.553333333333334,High Load,3.787077180008556,24.420169133504437,10.245576385923,104.24339319259961
453.40000000000003,7.5566666666666675,High Load,3.805229304340491,29.06791380821366,8.968450263412858,114.04854357054022
453.6,7.5600000000000005,High Load,3.8586647802017713,29.061267140744327,9.900748142808567,103.83631438244075
453.8,7.5633333333333335,High Load,3.80563417786964,25.619178878466748,8.732999860165169,112.5583911473942
454,7.566666666666666,High Load,3.7690527946535175,26.430609310553717,10.23942290761331,107.82408795811945
454.20000000000005,7.570000000000001,High Load,3.8018161398682797,28.487344551623423,9.067597969338799,110.03415923713357
454.40000000000003,7.573333333333334,High Load,3.8471583703100283,27.06587752816231,10.747091959378414,107.107430515486
454.6,7.576666666666667,High Load,3.85328621783031,31.319293282842757,10.530870309269218,123.57827763635478
454.8,7.58,High Load,3.8253048838578128,25.96311069514777,9.26640662681632,111.77073986395999
455,7.583333333333333,High Load,3.8465966265885743,27.715741892407138,9.30386206755356,109.80607911581852
455.20000000000005,7.586666666666668,High Load,3.876732183758683,29.95168627739569,9.665035506457118,123.91036082436038
455.40000000000003,7.590000000000001,High Load,3.8656157699539047,29.349110339460328,9.668145578306472,100.59388426497136
455.6,7.593333333333334,High Load,3.892676737957925,34.79656310977248,9.656881453785726,109.64534908292508
455.8,7.596666666666667,High Load,3.923662065791903,30.127800055608205,10.959606712571146,109.7140040933699
456,7.6,High Load,3.9105050069660936,28.131844214983584,9.538525131771,113.7023437731111
456.20000000000005,7.603333333333334,High Load,3.9165365792570026,32.00739455741259,10.435782231519129,126.12010764156197
456.40000000000003,7.606666666666667,High Load,3.9234165750245746,25.152822844714187,10.518130335648198,111.59969149338579
456.6,7.61,High Load,3.8697261661217124,29.08163011576323,8.892049267486872,125.40670884279719
456.8,7.613333333333333,High Load,3.880151820044057,28.48323055840965,10.721193051828424,116.63153973590494
457,7.616666666666666,High Load,3.895691258969205,23.654422099891736,9.640266190597787,113.19425480666689
457.20000000000005,7.620000000000001,High Load,3.8264210181114193,30.115123197936864,8.961504550126005,110.1059965511144
457.40000000000003,7.623333333333334,High Load,3.8352519196957053,24.392312167320096,8.394239006522538,111.2854375809889
457.6,7.626666666666667,High Load,3.852766135023545,25.42506378142813,9.097149776749378,119.26096805237728
457.8,7.63,High Load,3.817956808510836,30.446253271472198,10.198435903013014,113.65375917048763
458,7.633333333333334,High Load,3.8779018623656336,26.33926630861439,9.682333900072017,121.97167606967544
458.20000000000005,7.636666666666668,High Load,3.8738376467689566,25.013046749525834,10.452771626441233,114.91530777047812
458.40000000000003,7.640000000000001,High Load,3.8106292420224683,29.53948515122464,9.670339273877728,112.8816416596007
458.6,7.6433333333333335,High Load,3.8356733012798254,25.67095269219809,9.993840717367448,110.39805076612988
458.8,7.6466666666666665,High Load,3.7937143887471314,33.06006594742335,10.308718932248201,106.84904628944362
459,7.65,High Load,3.810313811346325,25.11118007525157,9.226571868801933,106.827132552544
459.20000000000005,7.653333333333334,High Load,3.8156715936407717,25.005838065467426,10.340862583171436,111.84513129839738
459.40000000000003,7.656666666666667,High Load,3.8579965446433513,24.03641525855673,9.320876481640349,114.87997033393171
459.6,7.66,High Load,3.8450077426336855,23.902564152515556,11.218649372976785,120.00271359823454
459.8,7.663333333333333,High Load,3.858806316812424,21.33269111112086,9.402553612323688,113.83695751694071
460,7.666666666666667,High Load,3.8355760965728343,21.532458649756485,9.36829898841928,109.12493514423964
460.20000000000005,7.670000000000001,High Load,3.8758218778118474,28.99116234792743,9.701383568563672,120.00477731531892
460.40000000000003,7.673333333333334,High Load,3.889482375974073,29.95610985619983,10.378168735373889,113.35713509064348
460.6,7.676666666666667,High Load,3.915596951879907,34.299773791970786,9.020239296322242,117.72052393454192
460.8,7.680000000000001,High Load,3.8801884029054454,29.49827433239428,9.475558505802585,107.71082975394393
461,7.683333333333334,High Load,3.9040421148870914,28.370931382279117,9.663669455443276,104.46861170988431
461.20000000000005,7.686666666666667,High Load,3.9114334080598745,21.353674164780045,9.979705085199138,120.6336265751103
461.40000000000003,7.69,High Load,3.869700355320104,31.192978841031717,9.614324389158739,103.31032831507963
461.6,7.693333333333333,High Load,3.857308263516377,32.54295520717315,10.091759846180539,111.5690991595402
461.8,7.696666666666667,High Load,3.914200907652765,25.314860734399332,9.357703481008233,107.51391392005597
462,7.7,High Load,3.9110216184398547,28.55797586675403,9.402789821523173,104.3573625204724
462.20000000000005,7.703333333333334,High Load,3.8858943800708468,23.536838640770327,10.309628995276526,122.11778380379515
462.40000000000003,7.706666666666667,High Load,3.8934763875325338,25.791703356458555,9.668388020383269,94.92739998114595
462.6,7.71,High Load,3.884679436777109,26.550193338680838,9.147527259947875,107.38700658996088
462.8,7.713333333333334,High Load,3.883235283558638,25.38857724787237,9.966406206989893,117.84096523769395
463,7.716666666666667,High Load,3.8401799256188576,26.621029404395085,10.403986203386708,107.99467979562016
463.20000000000005,7.720000000000001,High Load,3.8542116727241478,25.334832770529655,10.491393115631595,110.09550411895202
463.40000000000003,7.723333333333334,High Load,3.8014231714817583,28.786316590180224,9.691450013945678,114.7519583744597
463.6,7.7266666666666675,High Load,3.7971645501061575,23.47808975788074,10.640266984416225,108.45748002559877
463.8,7.73,High Load,3.8756607865473143,24.14610481641393,9.204238422914694,105.25225962923679
464,7.733333333333333,High Load,3.8244005968662997,27.580904934346727,9.247558192723423,121.18641970320887
464.20000000000005,7.736666666666667,High Load,3.793673815638514,25.136689664240553,10.369360651422129,105.91096445195134
464.40000000000003,7.74,High Load,3.8290307490074436,31.57825617309215,9.29544763774097,113.47996534827149
464.6,7.743333333333334,High Load,3.825383761572744,25.393431435710355,8.691205655936026,116.78124892789135
464.8,7.746666666666667,High Load,3.79400012094774,25.642068636745055,9.8595714508058,112.58073693319515
465,7.75,High Load,3.8579394885530145,30.877634218563017,10.18414540487164,121.93042156355726
465.20000000000005,7.753333333333334,High Load,3.8901793921051793,24.753741402289798,10.61390861852974,107.57074307953852
465.40000000000003,7.756666666666667,High Load,3.907200467201185,25.258264549979792,10.05389524294918,113.60159623861502
465.6,7.760000000000001,High Load,3.8899695019381775,28.805857059514736,9.55434506455417,117.93577816567166
465.8,7.763333333333334,High Load,3.9499220312435277,33.14493293703478,8.807713476236852,111.74598783228683
466,7.766666666666667,High Load,3.9084185703040677,24.407424480112144,9.622338327090615,120.14983322428316
466.20000000000005,7.7700000000000005,High Load,3.827012457620982,27.524290439437202,9.758230672577278,116.24804894469546
466.40000000000003,7.773333333333334,High Load,3.9447300644889,28.087616441570972,9.515821114905053,109.81527489897334
466.6,7.776666666666667,High Load,3.871454521994281,29.366763816676357,9.896693657254572,94.78620987469006
466.8,7.78,High Load,3.8792465865934114,35.16603130506056,9.747902483149682,113.83977247426662
467,7.783333333333333,High Load,3.8849189924673566,31.05536565546156,9.82655178846362,107.19344472124845
467.20000000000005,7.786666666666667,High Load,3.852106247637323,27.776188908571154,9.274405123303946,110.72904195060379
467.40000000000003,7.790000000000001,High Load,3.8457617923844976,31.511747224050236,10.301803190277878,106.63848627435576
467.6,7.793333333333334,High Load,3.8664993180462024,29.021576250906225,10.748478332107942,121.3167519663302
467.8,7.796666666666667,High Load,3.775719309391428,26.047066706060903,9.805317340640665,111.43011198059004
468,7.8,High Load,3.839960440015229,26.854412898314866,9.502128173233361,102.2668814715004
468.20000000000005,7.803333333333334,High Load,3.8430241657904145,24.726958773133347,9.874602294068005,108.32425228711783
468.40000000000003,7.8066666666666675,High Load,3.8269353780261817,21.259088447337703,10.05902711845361,103.16469990157663
468.6,7.8100000000000005,High Load,3.8445855656007253,27.4720802377988,9.990065550440148,107.402254881513
468.8,7.8133333333333335,High Load,3.843093732307393,25.07410594217859,9.741387293791341,113.62343064966517
469,7.816666666666666,High Load,3.842873975264028,26.836963107831128,8.900303240450302,107.32910197135558
469.20000000000005,7.820000000000001,High Load,3.873439908138826,31.160713299251988,9.247177534546164,116.95847999143022
469.40000000000003,7.823333333333334,High Load,3.816436175382025,23.233828666501147,10.994219097352245,114.74084055485469
469.6,7.826666666666667,High Load,3.8474635744985823,30.726227763955986,9.832053444959167,117.8737675393451
469.8,7.83,High Load,3.8437551966683174,32.45212830324826,10.715367379739039,119.91655971886834
470,7.833333333333333,High Load,3.879466087378621,24.96713238896721,8.578126040926715,111.9341653153336
470.20000000000005,7.836666666666668,High Load,3.8539493468182466,30.34143905787129,10.081404231294844,113.193470027591
470.40000000000003,7.840000000000001,High Load,3.859004555173517,22.42058896279007,9.714124215733712,124.18448976779831
470.6,7.843333333333334,High Load,3.897230729208008,31.058119399366703,9.593502297109092,114.74886679505063
470.8,7.846666666666667,High Load,3.887260091978662,28.55962320022555,10.286505660773976,107.35767577480482
471,7.85,High Load,3.8748316005776413,27.724468568168266,9.805009731571948,108.4756441502044
471.20000000000005,7.853333333333334,High Load,3.89862971453716,26.381356838738014,9.9543196622582375,115.60502067192441
471.40000000000003,7.856666666666667,High Load,3.9134594101241995,30.258495172443013,9.407123494658485,114.42967414047672
471.6,7.86,High Load,3.8887905133633027,28.558051452892837,9.296076311923427,104.96947999146934
471.8,7.863333333333333,High Load,3.8678868540577684,30.43403472885736,8.77847064164356,120.94800606944105
472,7.866666666666666,High Load,3.8963596054475325,32.46014234144211,9.98633511861249,120.06538759749616
472.20000000000005,7.870000000000001,High Load,3.838620482308392,30.659025972287868,8.962924147521617,111.5770767074914
472.40000000000003,7.873333333333334,High Load,3.859190320050011,27.06912474652971,9.951653513032367,115.08945306277728
472.6,7.876666666666667,High Load,3.84701227495291,25.803168856709526,10.141422139216537,109.97010374849316
472.8,7.88,High Load,3.9002691702733348,24.773551320768316,9.864163444948137,108.35593253725186
473,7.883333333333334,High Load,3.7688007940180306,27.141573195692683,9.188142850198625,105.8284053752617
473.20000000000005,7.886666666666668,High Load,3.8353875420465795,25.274594778459786,9.410449649962171,117.20888369974575
473.40000000000003,7.890000000000001,High Load,3.829383214538333,25.989077801411515,9.805529498681404,106.60371590565185
473.6,7.8933333333333335,High Load,3.820067499731946,26.34644670337795,10.032923373780882,114.19393399212251
473.8,7.8966666666666665,High Load,3.8592600655778337,26.46992003020587,9.566198534820927,109.04648445321084
474,7.9,High Load,3.8050459722345744,27.66357966633648,8.956691286636962,116.38056212165742
474.20000000000005,7.903333333333334,High Load,3.823215924971051,20.625598872667446,10.236432849880227,123.21694240529396
474.40000000000003,7.906666666666667,High Load,3.8570341606615095,30.52801598117122,10.164320480880138,117.53097330074016
474.6,7.91,High Load,3.828841952005528,26.007731062724933,10.781825381133535,123.40089921120384
474.8,7.913333333333333,High Load,3.847496849810233,25.677541982304326,10.264645262128214,118.75219514874638
475,7.916666666666667,High Load,3.853784319199699,21.23879478040714,9.567870374070369,106.28396904693622
475.20000000000005,7.920000000000001,High Load,3.886119260627903,27.38691595055019,9.753945751684972,106.74492290844512
475.40000000000003,7.923333333333334,High Load,3.8800112775434354,29.95154843455964,10.51691373718004,114.70937017392598
475.6,7.926666666666667,High Load,3.8622575523617404,26.65762206982795,10.035544843604388,99.87392525149166
475.8,7.930000000000001,High Load,3.8644213706948767,26.76952295670533,10.386819943991334,122.23333216332404
476,7.933333333333334,High Load,3.8926492406004995,29.3653037112793,9.923764624734845,102.76657026621149
476.20000000000005,7.936666666666667,High Load,3.842975728953307,28.994592256220027,9.56221068262678,120.12778743920396
476.40000000000003,7.94,High Load,3.903732820910034,22.006039127130954,10.488152281165055,107.52975975812708
476.6,7.943333333333333,High Load,3.857156089112229,35.21121938273444,9.492443555667132,114.29262914155501
476.8,7.946666666666667,High Load,3.897916162648163,28.476981987196353,9.651156304183699,112.02067755577642
477,7.95,High Load,3.9459530017663007,28.788784477139856,10.548285266053117,116.66599847668213
477.20000000000005,7.953333333333334,High Load,3.9421318117615134,27.455660025202217,9.886648136744276,117.37475362452689
477.40000000000003,7.956666666666667,High Load,3.867757028688308,26.367427333264107,11.386009424907536,106.04531996772285
477.6,7.96,High Load,3.8165685020865565,28.328124325471617,9.295653006694277,118.28212443808012
477.8,7.963333333333334,High Load,3.8742209580369638,26.93259071796118,10.06422309138247,102.24004253406173
478,7.966666666666667,High Load,3.907761368654543,25.610175209925938,10.312112631756301,108.59376471913694
478.20000000000005,7.970000000000001,High Load,3.8193036552812525,29.91964998451032,8.188394672699571,105.12827654390236
478.40000000000003,7.973333333333334,High Load,3.884565969961844,28.285116527862932,10.168189023784361,114.01447451644317
478.6,7.9766666666666675,High Load,3.8345757701503023,32.367966603609254,9.879710272918121,122.32239651617523
478.8,7.98,High Load,3.785135319067959,26.432719170451794,9.336759812810996,111.27111847085845
479,7.983333333333333,High Load,3.794739677915752,19.3897977137195,10.324504534397096,107.7455486151201
479.20000000000005,7.986666666666667,High Load,3.855994592118292,30.19604958932608,9.82895750936443,110.8145749771939
479.40000000000003,7.99,High Load,3.85468806958595,31.061554168400953,9.44571637225108,111.84871855409607
479.6,7.993333333333334,High Load,3.8382608240524956,29.867966972894525,10.395802680647302,113.25864640556429
479.8,7.996666666666667,High Load,3.7862525803050455,30.401527296148803,9.12700030107223,98.6595622245798
480,8,Normal,3.8524547802331064,43.92346851042625,7.863034698951895,97.59331909974529
480.20000000000005,8.003333333333334,Normal,3.8637191914034967,42.35581754496238,8.685345305137268,100.05567818287436
480.40000000000003,8.006666666666668,Normal,3.8445660375544195,43.48119336388658,8.355386384225808,94.05512548757821
480.6,8.01,Normal,3.8944560219767386,44.68235272279855,9.286401695761514,95.29108131020314
480.8,8.013333333333334,Normal,3.905780078260643,35.55286775247747,9.77682628356434,97.72405838839433
481,8.016666666666667,Normal,3.878852763111661,39.20844646117684,8.5458370794803,88.40647063198733
481.20000000000005,8.020000000000001,Normal,3.894603738520217,49.07518990652301,8.674143118774708,103.14475783511844
481.40000000000003,8.023333333333333,Normal,3.910006613081971,33.21629561874733,8.689576668548632,96.34831759924398
481.6,8.026666666666667,Normal,3.9090733173187173,40.6111572994307,8.535270210296812,93.82943000387736
481.8,8.03,Normal,3.8540983145414014,41.76602030404771,8.441953213939856,98.58248483288462
482,8.033333333333333,Normal,3.893837902336978,38.608135925247915,7.926201983842747,99.5534590442809
482.20000000000005,8.036666666666667,Normal,3.8682043684586453,41.57373136608338,9.181146867065543,96.1791786985713
482.40000000000003,8.040000000000001,Normal,3.837465369671702,42.98877117559477,9.028084076814844,91.13898726181758
482.6,8.043333333333333,Normal,3.9079465749786664,42.56322334368319,8.757635366828456,105.9996079795995
482.8,8.046666666666667,Normal,3.8588197843045626,45.14478832429609,8.012012836601803,105.32638811139104
483,8.05,Normal,3.8666221549007513,47.78502674094389,8.87283261960217,100.39316688576366
483.20000000000005,8.053333333333335,Normal,3.81070044999018,41.176900401493725,9.2578991675748,100.55328296672299
483.40000000000003,8.056666666666667,Normal,3.771001999763954,42.09701408287322,8.864165693517485,103.56792243082876
483.6,8.06,Normal,3.7989009578416746,40.20940019299853,7.471168342776238,93.65849876500273
483.8,8.063333333333334,Normal,3.8456774250846166,43.26533888376367,8.718423813982728,107.55739988153769
484,8.066666666666666,Normal,3.836439801031991,50.896421141994544,8.029625866431907,91.66911404214684
484.20000000000005,8.07,Normal,3.8818992081399757,42.1802583540756,8.41067937112943,94.65079735007195
484.40000000000003,8.073333333333334,Normal,3.7926529526743704,39.647795938188494,8.050648605791368,97.98754389333462
484.6,8.076666666666666,Normal,3.8259163866155417,42.70413251928855,8.319126547664636,99.51561839476508
484.8,8.08,Normal,3.851482304474582,39.54450200477717,9.495543411051932,94.23519077235323
485,8.083333333333334,Normal,3.8686223286785513,39.964001839676115,8.693317895051912,99.07779887221272
485.20000000000005,8.086666666666668,Normal,3.8582923788017447,45.75179045872548,8.655554830071573,97.17919730563462
485.40000000000003,8.09,Normal,3.91562096121251,44.80945544235366,8.580037439993486,100.32307140104204
485.6,8.093333333333334,Normal,3.9062921182956116,49.28736935413169,9.076606627120672,103.29387378509445
485.8,8.096666666666668,Normal,3.908182029713533,37.72067216292799,9.359014442452388,98.29683566588808
486,8.1,Normal,3.884487364390734,44.1977350586121,9.029096535870869,107.47151391283226
486.20000000000005,8.1033333333333335,Normal,3.9300015144031724,39.95983138591885,9.166701948281183,100.01476518619332
486.40000000000003,8.106666666666667,Normal,3.904630475624084,38.219929545868055,8.110436182790982,95.34551060791318
486.6,8.110000000000001,Normal,3.8714967392093063,42.29733437420699,8.27649064715287,94.71790098091282
486.8,8.113333333333333,Normal,3.8851105577198664,42.065961363648356,8.79897080472816,103.22490501817143
487,8.116666666666667,Normal,3.876844729704852,43.65267128477722,9.297638657061196,103.64782885924849
487.20000000000005,8.120000000000001,Normal,3.8175539336138646,41.206958842236105,9.231002451736599,94.5642917609608
487.40000000000003,8.123333333333333,Normal,3.85767278589686,44.052180903871346,8.356967876174332,97.77543749541248
487.6,8.126666666666667,Normal,3.8467692183893054,40.277491097375695,7.690558504851227,86.0326371907906
487.8,8.13,Normal,3.8566293213440206,41.319436587627166,8.276426693595726,97.35447551874543
488,8.133333333333333,Normal,3.8220997070084035,39.72377338626268,8.478683526546757,90.26412473832818
488.20000000000005,8.136666666666667,Normal,3.7910305239264903,48.86453395701988,7.815990956355141,93.123280654714
488.40000000000003,8.14,Normal,3.814882857244744,47.77079722114819,8.023800229075023,101.16720084998076
488.6,8.143333333333334,Normal,3.78794328653728,39.66373730095117,8.783388361961114,92.84949544992962
488.8,8.1466666666666665,Normal,3.7840061637699347,43.62085712994195,8.995319201164481,101.92658070361684
489,8.15,Normal,3.8213412263876547,41.801476137728486,7.289740580706502,91.62407052927979
489.20000000000005,8.153333333333334,Normal,3.7865089185424825,44.06587941581315,8.016234160783009,96.07169067978877
489.40000000000003,8.156666666666668,Normal,3.8291595106048018,42.13920447108257,8.714633682177627,96.27281088527255
489.6,8.16,Normal,3.840870834502889,38.90488899298991,8.676165925755353,97.06440277519465
489.8,8.163333333333334,Normal,3.895273651984045,41.26399128870267,8.093191242974672,95.43693398910929
490,8.166666666666666,Normal,3.8546477025539274,38.15751971331065,8.1150634537542,102.94302109507996
490.20000000000005,8.17,Normal,3.8906741462006913,37.034502483400196,8.374590724816057,89.72421194720835
490.40000000000003,8.173333333333334,Normal,3.9070766709193787,42.42479130874933,7.9959007085064835,105.72228021467414
490.6,8.176666666666668,Normal,3.8980281800746166,44.165282264479316,8.457983356800462,83.94970515662683
490.8,8.18,Normal,3.880579768281421,43.15207564661253,8.145521199295699,91.55594525178762
491,8.183333333333334,Normal,3.8826545378700486,44.47303796092047,8.538643667149557,99.22386010902721
491.20000000000005,8.186666666666667,Normal,3.901998307435542,43.209733506908194,8.413071971919711,95.71242345298991
491.40000000000003,8.190000000000001,Normal,3.90599039123494,45.660348113356456,8.060635800433193,89.84693632955756
491.6,8.193333333333333,Normal,3.8945608583993447,35.86403736351864,7.788273673305333,102.61640708829003
491.8,8.196666666666667,Normal,3.8369930898217577,42.822885847753035,8.487404876737207,105.38514236307694
492,8.2,Normal,3.9023662037605678,48.88531653336922,7.840356165253956,95.02776721672578
492.20000000000005,8.203333333333335,Normal,3.8503963485385486,43.78171118924139,8.95533777100103,104.98635647535227
492.40000000000003,8.206666666666667,Normal,3.857662596381547,37.89863192082441,8.32254149707531,100.77563957581484
492.6,8.21,Normal,3.810444876079892,36.645836506535474,8.787835503078938,97.00908043896865
492.8,8.213333333333333,Normal,3.8849988096231773,45.56534623471038,8.574137052668465,101.03929849228231
493,8.216666666666667,Normal,3.8660945210509303,42.391377053057276,9.038906965189561,99.96412428530948
493.20000000000005,8.22,Normal,3.832093868105807,44.95787075567558,7.297987221394455,102.9672734142656
493.40000000000003,8.223333333333334,Normal,3.8044742560334353,41.53245613320935,8.389748771828991,101.88047348879634
493.6,8.226666666666667,Normal,3.779154648751774,36.59353224353345,7.674369004669915,96.02949537753862
493.8,8.23,Normal,3.8148897528818124,48.110277303809134,8.105467014899064,82.80257529356432
494,8.233333333333333,Normal,3.841867252076227,40.42491451791473,8.505580095946012,97.21592692778239
494.20000000000005,8.236666666666668,Normal,3.8133787329708237,45.28653409677603,9.382920734330627,95.2197576460054
494.40000000000003,8.24,Normal,3.8483824578770007,38.493352874539866,8.7088335409599,89.17386935844792
494.6,8.243333333333334,Normal,3.8950900449426062,37.549711335508064,8.766595933037971,111.08202467929563
494.8,8.246666666666666,Normal,3.80808262977016,37.95485236979715,8.453163177523633,95.82224460069818
495,8.25,Normal,3.8717713230935216,44.29060092759489,9.025802024279777,95.20705938532342
495.20000000000005,8.253333333333334,Normal,3.912329162377661,41.34993679205112,8.976681347633267,104.35842999267663
495.40000000000003,8.256666666666668,Normal,3.8343734423867137,44.62543774751634,8.596116276321371,95.9469080428741
495.6,8.26,Normal,3.9121530087719147,37.197801424391194,8.208665632248737,106.73032762119226
495.8,8.263333333333334,Normal,3.794379566382265,38.355595514801124,9.118916832201219,89.68568975915142
496,8.266666666666667,Normal,3.9053435839404975,42.554914805856306,8.984619144749377,106.85733943568695
496.20000000000005,8.270000000000001,Normal,3.9021171654524323,45.094416595167516,8.824870198271256,90.4258534723388
496.40000000000003,8.273333333333333,Normal,3.865450384202167,44.327253056298524,8.18855590615388,89.18657530952711
496.6,8.276666666666667,Normal,3.844866139913382,45.572463116379744,8.561609249932308,102.65657807348649
496.8,8.28,Normal,3.956564214297648,44.76929552747851,8.716535957408887,92.94438273164465
497,8.283333333333333,Normal,3.8793063334607143,44.55534777613371,7.948111019214425,93.137414950605
497.20000000000005,8.286666666666667,Normal,3.840253891024747,40.41787319973671,7.934481620586327,92.34845254842048
497.40000000000003,8.290000000000001,Normal,3.9197602794992616,42.09923855973058,9.147164616225298,102.2025637445077
497.6,8.293333333333333,Normal,3.8787211202522918,40.52841305507892,8.231030193508373,93.83642722292322
497.8,8.296666666666667,Normal,3.8357835870525907,40.26000574780176,8.598079971088788,96.18122001303641
498,8.3,Normal,3.8518580908566893,42.10796384864902,6.936808025593988,99.39172914310022
498.20000000000005,8.303333333333335,Normal,3.824335056620387,41.813237159443986,8.486480926699498,93.56104490966652
498.40000000000003,8.306666666666667,Normal,3.8015913548368707,44.85589380561119,8.160388741969442,100.00904572416151
498.6,8.31,Normal,3.7997957751056957,40.25537238816086,8.802959233616617,97.00218276258335
498.8,8.313333333333334,Normal,3.805757257961901,36.493545124065356,8.896147686550131,97.90561946567884
499,8.316666666666666,Normal,3.783862875640114,40.571849489952996,9.55935483809747,105.21421497004134
499.20000000000005,8.32,Normal,3.815653100983286,45.38259079192951,8.847061605678663,99.89200020524896
499.40000000000003,8.323333333333334,Normal,3.8936575368203035,41.828463869968445,8.997460363833161,94.02154713513168
499.6,8.326666666666666,Normal,3.782577897033006,45.149769442029196,8.790511396026426,96.45060330985156
499.8,8.33,Normal,3.8447139570642443,42.81984122240087,9.107681870508905,101.4955969081637
500,8.333333333333334,Normal,3.8799646510868726,43.16056251185646,8.34057009520825,104.1373999106444
500.20000000000005,8.336666666666668,Normal,3.8345220371940774,44.037175003614536,8.78545706613366,100.44588228310003
500.40000000000003,8.34,Normal,3.936207095050727,43.203828685268135,8.212918240888037,104.8070950057007
500.6,8.343333333333334,Normal,3.8181612168309482,40.896372445551904,8.761849072717819,96.39867126567131
500.8,8.346666666666668,Normal,3.8527134415300006,39.24642691661398,8.231556513455,101.89880313481872
501,8.35,Normal,3.830097808215921,42.13506872175761,8.479958210414171,102.25436930200327
501.20000000000005,8.3533333333333335,Normal,3.830074079870058,36.52114378360511,7.96638538780219,92.88716062455244
501.40000000000003,8.356666666666667,Normal,3.865670903927033,46.76141784868312,8.176751837854827,99.21142868391561
501.6,8.360000000000001,Normal,3.8390257337726124,41.187054214680145,9.011334620164686,87.84288587277779
501.8,8.363333333333333,Normal,3.850465746424458,44.509503074846236,8.46128936697653,102.11924314363829
502,8.366666666666667,Normal,3.941258933085428,35.46330482411476,8.284502182621003,100.85363411274412
502.20000000000005,8.370000000000001,Normal,3.856647441892605,40.89726351857442,8.225093524058165,102.36176583337426
502.40000000000003,8.373333333333333,Normal,3.8962979569370706,47.11830005572024,7.551434523502515,101.13307601256761
502.6,8.376666666666667,Normal,3.790661383013109,43.36198457812243,7.696265705428193,106.28891308128391
502.8,8.38,Normal,3.8229746033526806,39.55477159393669,8.925432211225232,101.81908287891677
503,8.383333333333333,Normal,3.8077124596059555,42.33850258973934,8.475236153994233,83.04370943956138
503.20000000000005,8.386666666666667,Normal,3.8880566195935433,43.61423620292321,9.038733577658464,92.87482388928373
503.40000000000003,8.39,Normal,3.799281094654287,44.10511289115941,8.170093475968908,97.18658710498339
503.6,8.393333333333334,Normal,3.8271658375966657,39.00193557656051,8.462204465617026,96.32221109934282
503.8,8.3966666666666665,Normal,3.8321678070688927,38.21125090976318,7.967676649539132,99.57827198830981
504,8.4,Normal,3.8178687661960704,42.75824653828561,9.093986348527793,98.6105931524822
504.20000000000005,8.403333333333334,Normal,3.797675808764674,42.29043190115542,8.60624043301509,97.50530449660887
504.40000000000003,8.406666666666668,Normal,3.842913254926298,37.13272755327385,8.599229209104802,95.45354223658114
504.6,8.41,Normal,3.8545482170091936,40.80849864179935,8.67736393875323,94.12613323618322
504.8,8.413333333333334,Normal,3.8145497845778724,43.06262839586366,8.311274601887751,103.04304956908854
505,8.416666666666666,Normal,3.8551698266544143,42.33789018829022,7.975473392722151,100.69858313329844
505.20000000000005,8.42,Normal,3.831671060713113,40.06187298802622,8.769858514129757,92.46928030078085
505.40000000000003,8.423333333333334,Normal,3.883371921855531,43.1916091093384,9.226930892500597,97.25839116885032
505.6,8.426666666666668,Normal,3.8644218115836937,43.75322393240632,9.10000042548053,92.38831058226233
505.8,8.43,Normal,3.8462083830774323,42.346398816126005,8.598521482437832,105.0334007101315
506,8.433333333333334,Normal,3.9044998705116774,43.955146180392234,8.39636084782366,105.01744174119455
506.20000000000005,8.436666666666667,Normal,3.875453190282304,39.86799378748725,8.607351139442297,99.07342362771303
506.40000000000003,8.440000000000001,Normal,3.9154121933928505,42.023045801737666,8.594251372907049,104.1363180977417
506.6,8.443333333333333,Normal,3.841811965003142,45.28610610815448,9.109560262012113,93.06230541119542
506.8,8.446666666666667,Normal,3.8451149954592614,43.08356093812427,8.752790177957555,96.5378395684709
507,8.45,Normal,3.8562649082193388,40.881230385976,8.633616932029978,104.53602250918019
507.20000000000005,8.453333333333335,Normal,3.88410433350741,41.34023547141257,9.219486458244834,102.20657924771956
507.40000000000003,8.456666666666667,Normal,3.849447873823458,41.31044588248671,8.289037119372663,100.65253406546535
507.6,8.46,Normal,3.8551348985712357,45.064640410678564,8.161764167261413,99.42404320999536
507.8,8.463333333333333,Normal,3.8088416728144545,37.69780370345155,8.86937252308019,101.31798243720975
508,8.466666666666667,Normal,3.767901161952958,45.5085206464488,9.018824924665225,102.92247848217019
508.20000000000005,8.47,Normal,3.827297761763645,45.222306389575145,8.350252848052092,93.58372332080656
508.40000000000003,8.473333333333334,Normal,3.802721408492399,41.094877076699724,7.801468457263197,98.3422403524185
508.6,8.476666666666667,Normal,3.864114983460525,43.8236031737447,8.13430780019786,97.693036464699
508.8,8.48,Normal,3.800512017455165,40.99360437141471,8.289679662062067,96.38160831520987
509,8.483333333333333,Normal,3.839772616421253,44.4955591786607,8.638858568437762,100.57009456202137
509.20000000000005,8.486666666666668,Normal,3.7943314417268006,39.061586089447964,8.729504381649209,95.64504723427724
509.40000000000003,8.49,Normal,3.81236937520686,48.4924522329868,8.614607757848864,107.63056989790401
509.6,8.493333333333334,Normal,3.8686305372676184,41.56057710684655,8.663179020916525,100.86222917127911
509.8,8.496666666666666,Normal,3.818631907259443,37.42279957864212,7.8448299586787424,102.75012892261337
510,8.5,Normal,3.8549035721385683,40.53325743776229,9.287891015980577,100.58614739642238
510.20000000000005,8.503333333333334,Normal,3.8758073335836274,37.8229623556218,7.47249203683762,93.42562617898288
510.40000000000003,8.506666666666668,Normal,3.8887425479632536,45.74271915860925,7.710219638729605,109.06946545556099
510.6,8.51,Normal,3.8330417552723715,33.646071482829555,7.593593217292628,102.9250621974577
510.8,8.513333333333334,Normal,3.862319664706773,40.39305798189285,8.940453723165216,97.84795059566096
511,8.516666666666667,Normal,3.87393481670999,40.024487275335204,8.446375204996798,94.77750336603395
511.20000000000005,8.520000000000001,Normal,3.9333062062659367,38.762579618841656,8.822217069264441,102.94956473992463
511.40000000000003,8.523333333333333,Normal,3.9036678559132945,43.636351007394715,8.393391009246285,88.02856355906165
511.6,8.526666666666667,Normal,3.8640450813521063,42.92787471374245,7.8218880513118325,88.2193494944309
511.8,8.53,Normal,3.8804396667488343,39.34005752216464,8.342189074701567,95.8611459151307
512,8.533333333333333,Normal,3.8773275990566245,37.99905945330187,7.961438629254024,97.70945237772375
512.2,8.536666666666667,Normal,3.8423125149192012,40.52558401750076,8.797482207563704,97.07104882170357
512.4,8.54,Normal,3.8602802751494103,41.02341655725135,7.937821988164939,103.47252270940434
512.6,8.543333333333333,Normal,3.8741067476187867,48.086508190346514,8.658931794890712,106.51017626846445
512.8000000000001,8.546666666666669,Normal,3.87239986121478,42.54111375365168,8.685082637581903,97.44762326703317
513,8.55,Normal,3.841485770158986,44.339052913943945,8.851523447226047,95.58120395781495
513.2,8.553333333333335,Normal,3.798802287169907,43.241389694890906,8.21491853466163,94.47156223981384
513.4,8.556666666666667,Normal,3.825809848416268,40.28718200213924,8.981138242642123,98.4930097444427
513.6,8.56,Normal,3.8377736647992267,42.17161705124949,7.852482918956853,91.59928003182772
513.8000000000001,8.563333333333334,Normal,3.8257544300854622,36.46088431150544,8.614053576559204,99.85472711255622
514,8.566666666666666,Normal,3.802574025593336,41.37629092759238,8.197675148478277,95.37580117279796
514.2,8.57,Normal,3.8502909304102335,44.84180687326771,8.166252340280016,96.40288198972056
514.4,8.573333333333332,Normal,3.811700414444711,33.901584038338335,8.648692287862103,80.47904685055316
514.6,8.576666666666666,Normal,3.8475472189352162,40.71166768274097,8.434201691601116,105.57563880438248
514.8000000000001,8.580000000000002,Normal,3.8211913654254417,40.61328321404001,8.756819774191241,106.06108128253375
515,8.583333333333334,Normal,3.8373936754749822,42.12154341459577,8.01563486167397,101.83203968957204
515.2,8.586666666666668,Normal,3.8479960503062305,39.14945003483464,9.503895948594035,91.47201665944175
515.4,8.59,Normal,3.9296080824067663,38.92001792283213,8.911085564193083,94.08385509265193
515.6,8.593333333333334,Normal,3.9280134163527927,45.660781924091154,8.148557720665853,95.64103095510721
515.8000000000001,8.596666666666668,Normal,3.8711371162349515,45.77336582643996,8.68383505815006,94.6118635595901
516,8.6,Normal,3.877566473894694,47.00146411247221,8.147268125857948,108.85650343587798
516.2,8.6033333333333335,Normal,3.9213731629734325,34.39729457841554,8.386994886933813,95.68456156745225
516.4,8.606666666666666,Normal,3.889206114297611,45.94923384281497,8.442196762549244,87.75538272200988
516.6,8.610000000000001,Normal,3.850729591544859,41.374187831047784,8.78275550369658,96.89888853802343
516.8000000000001,8.613333333333335,Normal,3.9155443206996177,41.38827790798447,8.162256400859526,108.66466332699488
517,8.616666666666667,Normal,3.867889934183255,42.4447782152524,7.94570901261449,98.91083590302009
517.2,8.620000000000001,Normal,3.8464159130484434,39.252748921793405,8.927120908483626,97.0167145084865
517.4,8.623333333333333,Normal,3.8409012369253133,42.33451427995502,8.603749337050493,101.153733060636
517.6,8.626666666666667,Normal,3.8509718143800837,36.47477912431636,8.540169048958939,97.47507954333706
517.8000000000001,8.63,Normal,3.8228667415548516,39.536802165060664,7.576159452981446,89.63205029729441
518,8.633333333333333,Normal,3.859273277288916,47.38036136486373,8.996947623059873,96.40284654165778
518.2,8.636666666666667,Normal,3.836478618469625,41.73484270607326,8.106105492071693,99.41818157583712
518.4,8.639999999999999,Normal,3.8295169748396027,41.14334760577251,8.489594888529398,96.50911375383693
518.6,8.643333333333334,Normal,3.736986042695443,42.88580877891546,7.788902125976492,96.47571139070725
518.8000000000001,8.646666666666668,Normal,3.8329580219538206,41.801651872722644,7.685123322843035,107.01757698814589
519,8.65,Normal,3.783638178209511,41.37449776683317,7.953795416948345,103.06298044219535
519.2,8.653333333333334,Normal,3.8064738688248845,41.829344068157134,8.270146386359528,99.06879188358967
519.4,8.656666666666666,Normal,3.7964369371092483,45.822815672662394,8.908966791906693,101.0119410871904
519.6,8.66,Normal,3.8216633198873966,44.40858642303036,8.564992189262489,94.63470082407153
519.8000000000001,8.663333333333334,Normal,3.7632768150681137,41.65665162262603,7.97475090730381,95.962961113243
520,8.666666666666666,Normal,3.807701505498827,45.52764775908307,8.869189800259862,94.3311967568756
520.2,8.67,Normal,3.89540228848992,42.923292086831,9.028199442539767,101.29610846991625
520.4,8.673333333333334,Normal,3.835604823457651,41.80904864059057,8.620826914541114,96.12637709392723
520.6,8.676666666666668,Normal,3.831146327617662,40.04187902926756,7.9602708614450695,106.88875703486596
520.8000000000001,8.680000000000001,Normal,3.9045214288347783,44.19393596472786,8.715395870506542,102.43996482853021
521,8.683333333333334,Normal,3.8775631098357235,43.83642280873807,8.25087334551134,109.17312876200242
521.2,8.686666666666667,Normal,3.882198125985015,44.53518524343396,8.452487044520684,98.06048068096699
521.4,8.69,Normal,3.8681461605528527,37.85845082851439,9.441692769227878,104.25270772513946
521.6,8.693333333333333,Normal,3.8589887903343616,43.61194957475112,8.71257296357441,107.1608753503351
521.8000000000001,8.696666666666667,Normal,3.9132887102507183,37.38260668472224,9.477806726164424,92.20789806580069
522,8.7,Normal,3.8472428545119883,39.330417208720036,8.450754007855089,97.5236100400046
522.2,8.703333333333335,Normal,3.8205428800162595,42.489303671523345,7.711185237994293,93.90497919924948
522.4,8.706666666666667,Normal,3.8247348802240313,40.607633859462105,8.545429036407386,98.2096788894183
522.6,8.71,Normal,3.8703278147916502,42.69233070744854,8.392908801221477,88.60016844577376
522.8000000000001,8.713333333333335,Normal,3.7693030487843764,39.62195319796607,9.230649290037684,91.65729902417428
523,8.716666666666667,Normal,3.8209896314226786,33.4701812010868,7.969500186844842,100.80293847046178
523.2,8.72,Normal,3.8067478844778027,43.562222895645505,8.323941086398703,106.28766059904852
523.4,8.723333333333333,Normal,3.7518086578968615,45.13766605615637,8.678875682082952,98.89761526271985
523.6,8.726666666666667,Normal,3.8194584403834773,47.92063935066067,8.39314001074173,94.15699878750712
523.8000000000001,8.73,Normal,3.79849511587758,48.666199892680325,7.962779123130419,97.03019607500832
524,8.733333333333333,Normal,3.79252652303581,42.39493217384015,8.306307176850787,104.98112441979184
524.2,8.736666666666668,Normal,3.857085077953327,38.19549312505325,8.428263498055799,101.48024249531964
524.4,8.74,Normal,3.7858688234771596,41.95319599871824,8.721512151835464,101.3484813687774
524.6,8.743333333333334,Normal,3.815368136211043,43.946596445093896,8.950634330868747,99.6339360895459
524.8000000000001,8.746666666666668,Normal,3.8567606981083213,39.767558158255596,9.06166025640401,102.36496482248103
525,8.75,Normal,3.7966391244759152,44.07276280327838,8.550491922552007,98.85157472372615
525.2,8.753333333333334,Normal,3.8284348949643627,38.995765130878524,8.107714312210312,96.11163582949219
525.4,8.756666666666666,Normal,3.8630830722783327,40.04422004225107,8.732296066304405,90.33441152678245
525.6,8.76,Normal,3.878307253552309,45.85573170597539,7.8718711097925205,97.79408555221387
525.8000000000001,8.763333333333334,Normal,3.833584865278752,46.6222193088866,8.49015487799626,104.54690109073275
526,8.766666666666667,Normal,3.9265250413407147,45.26559425178823,8.807458326131918,92.95349153189333
526.2,8.770000000000001,Normal,3.8786611333096674,37.88258377239543,8.29198711188565,100.17864984149344
526.4,8.773333333333333,Normal,3.838950515795022,44.920471812279416,7.3745271759830056,107.57035137186081
526.6,8.776666666666667,Normal,3.8391353802073924,39.31549988378147,9.674005188743566,98.43881451707708
526.8000000000001,8.780000000000001,Normal,3.900222476483376,44.00733283168798,8.9344711573185,91.9780872617708
527,8.783333333333333,Normal,3.9158794699400477,39.478412583082424,8.693105605511954,105.82361287961002
527.2,8.786666666666667,Normal,3.831882585222893,40.46699132136398,8.618977890727988,96.8239883787993
527.4,8.79,Normal,3.8500019784513615,42.563656329468806,8.540804361882062,100.47552783532745
527.6,8.793333333333333,Normal,3.8713762732670176,41.689669012658996,8.361157784349281,100.38661782045519
527.8000000000001,8.796666666666669,Normal,3.8168335133470994,39.22249266041249,8.568137688402992,98.22706837231411
528,8.8,Normal,3.8109874689235035,41.65221603674843,8.595787729238069,99.2616071346375
528.2,8.803333333333335,Normal,3.777184465148489,43.50510012820634,7.921832304246608,96.45754001411545
528.4,8.806666666666667,Normal,3.804394369415704,44.48035599300459,8.450372522106317,102.23750117627324
528.6,8.81,Normal,3.8536814203063963,47.78357171442572,9.052594186060627,100.03902114708806
528.8000000000001,8.813333333333334,Normal,3.856758003684798,45.103714118266076,8.534486855589117,89.67909241678662
529,8.816666666666666,Normal,3.7734635752660752,38.62973870147355,7.664788550517288,107.83784748144943
529.2,8.82,Normal,3.826110278821382,43.41986039338542,8.56058918524189,101.30438638262136
529.4,8.823333333333332,Normal,3.859245347075977,42.92518954893049,8.509196282758118,102.43139258369698
529.6,8.826666666666666,Normal,3.838820641981723,43.22604120471243,9.037964863473539,96.92461356104708
529.8000000000001,8.830000000000002,Normal,3.8024397188481895,44.30524014816712,8.352882882827506,101.43311697407023
530,8.833333333333334,Normal,3.8645459166201133,44.93330340354889,7.987070741887984,88.55794967519779
530.2,8.836666666666668,Normal,3.8119750687471834,44.03789211201389,7.64367985811447,106.37978896464081
530.4,8.84,Normal,3.8701720978952494,44.01417400369555,8.493200916661511,108.18796546260904
530.6,8.843333333333334,Normal,3.8999710039894953,38.918921716661025,9.758663139957058,87.41697993684039
530.8000000000001,8.846666666666668,Normal,3.8636139804866687,34.95111277854285,7.743613085378872,97.28560150541955
531,8.85,Normal,3.860492853816888,44.40455001116599,8.271208687574644,99.66549000080045
531.2,8.8533333333333335,Normal,3.847526688258419,44.24998077424181,8.463667276645406,106.50899167333861
531.4,8.856666666666666,Normal,3.8871181170400666,40.8018939190139,9.09868851276389,103.77970660178778
531.6,8.860000000000001,Normal,3.91578124498523,41.741225456484194,8.523176263610232,101.15988580049196
531.8000000000001,8.863333333333335,Normal,3.862650956439404,39.93506317526318,8.20128173068617,97.92962212809702
532,8.866666666666667,Normal,3.9095981737154597,43.45160242452453,8.348851354587328,107.37859640655994
532.2,8.870000000000001,Normal,3.8445287854142696,38.636726147194615,7.994636890266837,92.75276104217475
532.4,8.873333333333333,Normal,3.8506937329199693,40.72693469996072,8.349642964926975,88.7804570813031
532.6,8.876666666666667,Normal,3.826235882950444,42.06290361665289,8.339459445957205,101.15576134826283
532.8000000000001,8.88,Normal,3.842633886770093,43.901996442335566,9.164363750540124,101.3555283172182
533,8.883333333333333,Normal,3.836096501441582,42.97852962397843,8.562971327743425,103.60587589183484
533.2,8.886666666666667,Normal,3.8111698170183184,44.314443532603676,8.534164452883024,95.28750915348743
533.4,8.889999999999999,Normal,3.7794299204030515,47.695774486414116,9.23277262651068,105.66157621034073
533.6,8.893333333333334,Normal,3.8389128710391422,40.203792589015464,9.449309931428408,97.04728582166234
533.8000000000001,8.896666666666668,Normal,3.7708644188354747,41.139325794028295,8.422816002441202,99.97547295319667
534,8.9,Normal,3.807076352932325,39.64205102657388,8.32856053542542,98.45904511362957
534.2,8.903333333333334,Normal,3.75335921232233,39.438422147186145,8.506125645547845,103.89295335243789
534.4,8.906666666666666,Normal,3.83722996906257,52.03084697971938,8.164014637278445,97.09511897349162
534.6,8.91,Normal,3.800734939274985,41.67494982242147,9.553131120302217,100.95834435577233
534.8000000000001,8.913333333333334,Normal,3.833813763670512,36.85804318792081,8.855478919481005,93.13802211124921
535,8.916666666666666,Normal,3.874214168092952,40.838871855966104,8.216952293034478,97.40196017036814
535.2,8.92,Normal,3.905363085321429,43.64148331351974,8.225863378240929,87.32323032340557
535.4,8.923333333333334,Normal,3.84852921129132,41.701106670787304,8.246174034661575,96.05440475190211
535.6,8.926666666666668,Normal,3.88702174575995,46.99111729095095,9.185253631369033,103.59873633508887
535.8000000000001,8.930000000000001,Normal,3.908420137376326,41.54390379009805,8.444374698666346,101.03756239536754
536,8.933333333333334,Normal,3.838665787813173,47.32920804794232,7.6344548440589985,93.91768823671667
536.2,8.936666666666667,Normal,3.9044310211707987,45.23884011705463,8.151792703607079,104.40904428758479
536.4,8.94,Normal,3.8266050509640697,43.54724342493642,8.145834029946213,94.70791915046806
536.6,8.943333333333333,Normal,3.8756787140280706,42.571274145511396,9.359663007165357,100.02272825248349
536.8000000000001,8.946666666666667,Normal,3.8517033073861913,43.34188878709502,8.370025969988301,100.17308309269305
537,8.95,Normal,3.8775667043854076,45.60774751344579,8.430133397332556,96.98739861949224
537.2,8.953333333333335,Normal,3.816918688384462,43.555163382962604,9.213699773313268,111.33972014734951
537.4,8.956666666666667,Normal,3.8753139592219785,39.090653457624974,7.530483135267644,93.48076271026677
537.6,8.96,Normal,3.917255291493387,40.18991048591552,8.640379885164611,98.46394897577507
537.8000000000001,8.963333333333335,Normal,3.8129608369436485,41.44702494544135,8.846950457895396,101.48169568000937
538,8.966666666666667,Normal,3.8535411854454398,43.844759182483934,8.452431148799693,104.50008911779165
538.2,8.97,Normal,3.724612515751603,41.40633353138846,8.029902048709694,100.39083383148427
538.4,8.973333333333333,Normal,3.822054764341272,41.321279421604814,8.928271021557613,99.60970576716707
538.6,8.976666666666667,Normal,3.7793598125780865,39.5792024287669,8.195070502465938,99.71086650283864
538.8000000000001,8.98,Normal,3.8218755413461873,41.558048763018164,8.648832600044614,90.36126814349655
539,8.983333333333333,Normal,3.8397276543595487,35.5087673295112,9.287765721572505,94.39987671057061
539.2,8.986666666666668,Normal,3.763974672278766,43.02498069252163,8.943499674394616,101.08246314018942
539.4,8.99,Normal,3.8009232073129122,43.02353259792105,8.39436130692733,95.04822759575994
539.6,8.993333333333334,Normal,3.8491472668833753,46.347057806391966,7.748652234785743,103.94455287947932
539.8000000000001,8.996666666666668,Attentional Lapse,3.85520441915263,24.69713939607057,9.653906387508771,113.17223820849172
540,9,Attentional Lapse,3.879330863053475,30.67459904324354,11.037631360049698,125.69948028592114
540.2,9.003333333333334,Attentional Lapse,3.980747199234832,27.334653528572638,10.383720984307029,115.05392524684558
540.4,9.006666666666666,Attentional Lapse,3.985357543520742,26.355999268348455,9.785388806586488,123.19471851787637
540.6,9.01,Attentional Lapse,4.118931069406648,23.08915622127562,10.125799606167394,129.8295590245041
540.8000000000001,9.013333333333334,Attentional Lapse,4.199648112774298,24.689412232437707,9.163711414716884,104.68181746216007
541,9.016666666666667,Attentional Lapse,4.323081032484591,20.516448316208923,10.44961722275176,139.88917363205636
541.2,9.020000000000001,Attentional Lapse,4.288954473389846,23.01368302586481,10.304514349031543,129.20787246398743
541.4,9.023333333333333,Attentional Lapse,4.223352199150944,22.094105342966124,11.080062471598929,124.52974525692578
541.6,9.026666666666667,Attentional Lapse,4.210061884993989,20.769858818944844,12.687261916242452,128.92019098575028
541.8000000000001,9.030000000000001,Attentional Lapse,4.139108015803288,23.993352783997114,10.337385623243927,136.8137330354337
542,9.033333333333333,Attentional Lapse,4.103637533208756,25.24411568106078,10.668031323458768,129.826488033858
542.2,9.036666666666667,Attentional Lapse,4.011314631357623,22.395679673229075,10.848891578437195,111.26775993837691
542.4,9.04,Attentional Lapse,3.999278678950771,27.159063686996525,8.717470412853526,141.28908676278286
542.6,9.043333333333333,Attentional Lapse,3.9395753803307234,30.163578336756167,10.47069963399944,130.83818845207261
542.8000000000001,9.046666666666669,Attentional Lapse,3.894108346157645,21.950856444625323,11.47855126038802,130.0202760503741
543,9.05,Attentional Lapse,3.809940918594036,23.923281129051436,10.170970348572434,131.63141734418969
543.2,9.053333333333335,Attentional Lapse,3.8374172498690418,25.131454546895604,10.421939027642788,129.10637673289816
543.4,9.056666666666667,Attentional Lapse,3.7659072216710956,20.077282551547032,11.781144436626294,124.87062653177833
543.6,9.06,Attentional Lapse,3.7660691469914234,22.223397462397724,11.769934969847858,130.30306646549565
543.8000000000001,9.063333333333334,Attentional Lapse,3.7834917344831895,23.529100480523624,11.23245605830766,128.22430636974167
544,9.066666666666666,Attentional Lapse,3.8357170009743924,17.301688254323228,11.031323464447324,131.83088755181927
544.2,9.07,Attentional Lapse,3.8310973389081724,24.319413217371213,10.784629804199618,115.68972321749145
544.4,9.073333333333332,Attentional Lapse,3.8388405723267542,25.595259478724042,11.118235375620536,118.384616761803
544.6,9.076666666666666,Attentional Lapse,3.802695144848198,27.955981856838036,10.424409859656738,110.78844221171875
544.8000000000001,9.080000000000002,Attentional Lapse,3.8615119172541186,21.78468357762356,10.190901937692573,121.96422772361062
545,9.083333333333334,Attentional Lapse,3.836373691895608,23.669695373451834,9.789890319334674,114.3389514424006
545.2,9.086666666666668,Attentional Lapse,3.8230734972906197,24.017816696523642,9.082426742303324,116.23537516828357
545.4,9.09,Attentional Lapse,3.8310705209382694,28.924057869011055,10.946083038628027,126.34366845638745
545.6,9.093333333333334,Attentional Lapse,3.8669075690264414,16.407736311334784,9.473189693852744,129.78215022534417
545.8000000000001,9.096666666666668,Attentional Lapse,3.927813429816894,30.493501094883197,11.00315013332269,124.60256341781589
546,9.1,Attentional Lapse,3.8933215221265356,24.774727797925607,10.923717578904377,141.1777426256346
546.2,9.1033333333333335,Attentional Lapse,3.869818013296952,19.43080006786718,10.839187160909763,138.80524974405012
546.4,9.106666666666666,Attentional Lapse,3.8635478780583745,20.891450192388064,11.325640412771666,108.4483856087348
546.6,9.110000000000001,Attentional Lapse,3.844685472630404,15,9.678024963530698,133.39631106213042
546.8000000000001,9.113333333333335,Attentional Lapse,3.805109509312726,20.48007621138585,11.503457014978636,113.61032670478755
547,9.116666666666667,Attentional Lapse,3.8678030730830124,21.556383281178032,10.774239619205684,132.11916156240312
547.2,9.120000000000001,Attentional Lapse,3.8000640387247415,21.305306691670175,10.403370215319311,112.75961404663192
547.4,9.123333333333333,Attentional Lapse,3.886295024955914,23.135500677022023,11.721339705052666,136.6628444578666
547.6,9.126666666666667,Attentional Lapse,3.826933850633621,27.71729439414641,10.876547257753787,122.66039086829238
547.8000000000001,9.13,Attentional Lapse,3.823648119787698,24.651153804899682,11.501413496516085,122.76964006940578
548,9.133333333333333,Normal,3.810135539204437,42.90325673269755,8.791191032389255,106.23583031106375
548.2,9.136666666666667,Normal,3.83528035630361,38.72058353830646,7.7877335360503395,100.293870529425
548.4,9.139999999999999,Normal,3.815553360808065,40.14626994934982,8.618448511398174,107.09831103046746
548.6,9.143333333333334,Normal,3.791570196058514,42.08044528173415,7.819784396694715,105.2070744759927
548.8000000000001,9.146666666666668,Normal,3.8376751949633525,42.804424331923386,8.984565058325513,92.74390333350877
549,9.15,Normal,3.827648546388437,40.51488664863743,7.631776467217769,91.46336548964643
549.2,9.153333333333334,Normal,3.806034200922155,39.68946208908317,8.1229987894598,98.181967700163
549.4,9.156666666666666,Normal,3.77600273448368,42.167323170328764,8.328125821026493,106.8224901523497
549.6,9.16,Normal,3.8535615273540844,51.76751034213622,8.780616745298579,98.02385212160378
549.8000000000001,9.163333333333334,Normal,3.8471848395986057,40.82178842054877,8.537255461579345,93.62079530084328
550,9.166666666666666,Normal,3.8239027106968244,40.163336372296655,7.733809050112963,103.59813523349212
550.2,9.17,Normal,3.8518632431329296,39.69951957178899,8.133774156671805,94.22938682193143
550.4,9.173333333333334,Normal,3.8120153914977135,43.505399241435036,8.256045930478699,99.53598967271384
550.6,9.176666666666668,Normal,3.887788014396783,44.605321893654335,8.45051461457571,92.8320095679354
550.8000000000001,9.180000000000001,Normal,3.8132232367922625,35.84349881625045,8.320489164279701,88.93731699935951
551,9.183333333333334,Normal,3.895179368799679,39.67237118722301,8.359478586762439,97.05626477244616
551.2,9.186666666666667,Normal,3.8710818813420715,42.032921648956005,9.439707795185035,102.08442046686922
551.4,9.19,Normal,3.8842905374447163,42.42210382462428,8.300962582174703,100.29741268059031
551.6,9.193333333333333,Normal,3.8460454582179957,42.432306895781196,8.950021140924777,105.2662186979968
551.8000000000001,9.196666666666667,Normal,3.8777655788989205,37.433940225025026,9.211078779832217,104.79058764727473
552,9.2,Normal,3.8851872150334836,41.51271418602287,7.4921239796613355,99.8046248038329
552.2,9.203333333333335,Normal,3.83756642237049,34.668901229692274,7.863724024158226,96.18213721378967
552.4,9.206666666666667,Normal,3.8250098693301817,44.222461693598014,8.462905253924045,93.95168657507595
552.6,9.21,Normal,3.8299303854467994,43.5946245798627,8.071868805329727,103.64089065528887
552.8000000000001,9.213333333333335,Normal,3.7998803124624634,43.49113982712498,8.268837096467031,100.25782428153246
553,9.216666666666667,Normal,3.7965071929124687,44.21262299752453,7.766832704992031,98.69550014308386
553.2,9.22,Normal,3.863013446809778,41.75615799482462,7.8600666178377026,93.86303344581722
553.4,9.223333333333333,Normal,3.7879769099502245,41.71273907621365,7.9518279503127225,90.36007648574835
553.6,9.226666666666667,Normal,3.757226533957061,45.91412993507244,8.358957201989751,104.28704491631319
553.8000000000001,9.23,Normal,3.7261264970456804,37.2814290704404,8.605025017403358,101.14750835470944
554,9.233333333333333,Normal,3.7755906965620367,43.37281667238757,9.363823375150186,110.86449529862166
554.2,9.236666666666668,Normal,3.7795616648086114,35.43311786475131,7.058108474399061,102.3401273724845
554.4,9.24,Normal,3.794645223747863,45.332541028070565,7.966983540385001,105.35312131525028
554.6,9.243333333333334,Normal,3.7795538429019495,37.45472140547436,9.025806783424487,103.38139321286506
554.8000000000001,9.246666666666668,Normal,3.8376293387090916,42.010160350288515,8.490978384156467,93.5928370954254
555,9.25,Normal,3.7619762165548014,43.50119661860569,8.095239072821801,100.3622412643103
555.2,9.253333333333334,Normal,3.868949993460102,42.70985484760453,7.47128942749402,103.254899650949
555.4,9.256666666666666,Normal,3.8565296278638823,37.45727129506204,7.772620933166946,102.5587489236571
555.6,9.26,Normal,3.9003106999845083,44.95332456323238,7.956101509794731,107.63508276794639
555.8000000000001,9.263333333333334,Normal,3.8860820350289504,40.74273847164939,8.423437880494777,95.18476620162454
556,9.266666666666667,Normal,3.9200802011268796,42.09860220160249,9.067604672580696,101.63177439276863
556.2,9.270000000000001,Normal,3.8768447594716715,42.66364798761,8.67853242490703,94.50369154267959
556.4,9.273333333333333,Normal,3.88393358007581,47.267024452083085,8.764728719778349,102.60572298203279
556.6,9.276666666666667,Normal,3.826724008711001,35.420375723444174,9.177052367429946,101.63334484160964
556.8000000000001,9.280000000000001,Normal,3.8577131933203748,42.60154429570215,8.554928375628174,94.12154017147908
557,9.283333333333333,Normal,3.8108486002264064,43.23231771347714,8.735524596567071,95.412935349949
557.2,9.286666666666667,Normal,3.8796319919569076,50.172737126042946,8.437002683892059,100.7790761319921
557.4,9.29,Normal,3.837776092804917,41.86575224955268,8.461397058290254,108.51264809039179
557.6,9.293333333333333,Normal,3.7610909975207556,38.570029299852834,9.64979923840166,93.71951479915775
557.8000000000001,9.296666666666669,Normal,3.830775978755869,46.049933714261236,8.71872961972162,100.52488824984755
558,9.3,Normal,3.8178312927261913,37.72510462088714,8.286521071939822,106.49528164223048
558.2,9.303333333333335,Normal,3.821788798089833,45.87125650446297,8.518663982435967,84.56830696985826
558.4,9.306666666666667,Normal,3.8649845319803964,35.74966029420225,8.291711133903233,98.97101776811449
558.6,9.31,Normal,3.8020013488503084,37.550056150199175,8.130650194924025,100.26258551598644
558.8000000000001,9.313333333333334,Normal,3.829973568218391,43.03583015890286,8.436317918406573,101.68752066881004
559,9.316666666666666,Normal,3.7891269151784734,37.512369270129895,8.609483463070605,91.86450234430053
559.2,9.32,Normal,3.7865199827384033,46.63108112711866,8.16212292651532,96.1821359475936
559.4,9.323333333333332,Normal,3.8233978003497078,38.449405262139976,7.99808836602132,106.17683812188815
559.6,9.326666666666666,Normal,3.8404109702275426,45.06915791719168,7.297239042319177,93.75051126106185
559.8000000000001,9.330000000000002,Normal,3.7983097206334664,41.72830740163262,8.461837430651949,97.73819155793159
560,9.333333333333334,Normal,3.8696710665610743,42.69900450245346,8.984513687795372,97.09929947677077
560.2,9.336666666666668,Normal,3.8160089420115053,45.062237289319846,8.113439099488902,105.2260534644064
560.4,9.34,Normal,3.8381216506951725,37.82819349135056,8.218354667796516,93.5727718619445
560.6,9.343333333333334,Normal,3.865299677535422,44.09870752008229,9.014435614170209,101.03402444979962
560.8000000000001,9.346666666666668,Normal,3.87145494938211,38.98901966876347,8.545370350966689,99.1903808433312
561,9.35,Normal,3.8769252883927243,39.14746422117672,8.942591948004571,104.49896395732594
561.2,9.3533333333333335,Normal,3.8589105047017456,42.38165688692946,8.4350507332576,105.93959630562425
561.4,9.356666666666666,Normal,3.8496123923382006,42.41675558882347,9.154051335140075,104.63694708790386
561.6,9.360000000000001,Normal,3.862692811114988,39.600528268463115,8.991928953487836,98.8552570448998
561.8000000000001,9.363333333333335,Normal,3.851857825972557,37.79177855878264,8.3091880252851,96.60921116114774
562,9.366666666666667,Normal,3.863238267242896,40.891773845249176,8.062952054337856,98.55750066357187
562.2,9.370000000000001,Normal,3.8480184650919944,40.8195567386296,8.351054999119413,87.34203397376427
562.4,9.373333333333333,Normal,3.8587887691810634,49.31353744135613,8.679669493150126,98.82539285377351
562.6,9.376666666666667,Normal,3.8092850455909777,43.31327939376548,9.771548946443174,99.60597704929597
562.8000000000001,9.38,Normal,3.80912052825484,45.18937085599852,6.869226418127286,97.51205281848256
563,9.383333333333333,Normal,3.8512403953502616,45.230475649017244,8.245680698535567,100.33799007646418
563.2,9.386666666666667,Normal,3.8102316521375688,44.46952182831546,8.566207277340808,106.968731579102
563.4,9.389999999999999,Normal,3.7597144789818135,43.239534175068,8.340896167152522,102.47676646386225
563.6,9.393333333333334,Normal,3.809639200501285,43.0497922820187,8.600028278581226,101.16064256180516
563.8000000000001,9.396666666666668,Normal,3.792941972772963,40.03127345843924,8.158517843870646,91.26874452652004
564,9.4,Normal,3.7595538358437244,44.654478298136624,8.870795611998853,95.75222694169562
564.2,9.403333333333334,Normal,3.7683024541039165,44.10617050954571,8.301039693075245,97.54912981991924
564.4,9.406666666666666,Normal,3.809955356819642,35.83321494363373,8.94524152700793,103.74195033839916
564.6,9.41,Normal,3.821403590211411,39.424900979389385,8.834519815293085,104.23552593555205
564.8000000000001,9.413333333333334,Normal,3.818342148594905,36.562422320075925,8.474476359115092,96.68261391529516
565,9.416666666666666,Normal,3.8287170438038896,45.30359390024049,8.664808393112633,99.78007005771077
565.2,9.42,Normal,3.829096889763367,41.64482623025677,8.093340073102665,105.03798366598137
565.4,9.423333333333334,Normal,3.8834983363640814,43.69226019932764,8.327657579305258,98.14099212248489
565.6,9.426666666666668,Normal,3.884896472698908,37.10427802200418,8.744048465993464,101.6458059791603
565.8000000000001,9.430000000000001,Normal,3.8107261128989354,42.47360870862362,8.834675216895771,105.00222991898913
566,9.433333333333334,Normal,3.8277010746321087,47.90218014437384,8.692904453048577,96.91402793299493
566.2,9.436666666666667,Normal,3.880846471171567,38.79775633278797,7.6552018135513515,94.69420548236529
566.4,9.44,Normal,3.8384914156031393,43.58184636856998,7.807396339012331,107.59975879886629
566.6,9.443333333333333,Normal,3.83204622475725,44.89628238211968,8.115974301541433,91.6277169114888
566.8000000000001,9.446666666666667,Normal,3.8678957537321033,36.9900818266073,7.8609735005241115,96.14798610297822
567,9.45,Normal,3.85125220821738,43.634938609798915,8.669620730070308,103.8567060044635
567.2,9.453333333333335,Normal,3.848964654027751,43.48939275807449,8.074358170086391,101.35725929698768
567.4,9.456666666666667,Normal,3.810061967176076,41.38859182654567,8.135903648650185,96.3330331313909
567.6,9.46,Normal,3.8004123613598506,46.30127398205393,8.563929265418448,97.33289754577108
567.8000000000001,9.463333333333335,Normal,3.8180991102247934,42.62980740543225,8.216776007296012,100.21225312829692
568,9.466666666666667,Normal,3.806641333022977,41.266846841952315,8.854827485559056,92.73227369919134
568.2,9.47,Normal,3.7979181550242482,41.71680412434617,8.095841726797099,99.76756453289008
568.4,9.473333333333333,Normal,3.76789641433363,38.719926316505756,8.940104447382573,102.92575889416881
568.6,9.476666666666667,Normal,3.798804228738194,43.842187468794904,9.043891661252328,100.57196760349095
568.8000000000001,9.48,Normal,3.791525434951945,40.641067231706096,8.135047823667534,103.22581649842405
569,9.483333333333333,Normal,3.8302162168729734,42.248849773502904,9.003126035037194,92.47142864072818
569.2,9.486666666666668,Normal,3.78050945572155,43.48282805027358,8.363814768773441,98.44060131271992
569.4,9.49,Normal,3.8297823451203037,42.09242373862898,9.0981156134275,97.07667052202078
569.6,9.493333333333334,Normal,3.7816071387265127,37.45410086480787,8.370085247118995,98.14264399481418
569.8000000000001,9.496666666666668,Normal,3.8273456112997386,44.38684921876147,8.833137982424201,97.19892752243166
570,9.5,Normal,3.7974384011672373,40.426723564634464,8.667609961926388,95.74313534949391
570.2,9.503333333333334,Normal,3.867242083059004,39.58459740059487,9.18478888706851,90.19891568820975
570.4,9.506666666666666,Normal,3.861827465348353,40.8685935662838,8.342629282843504,87.70534376665893
570.6,9.51,Normal,3.8472190675935463,39.47817707091669,9.409068875356901,102.17652658228508
570.8000000000001,9.513333333333334,Normal,3.8583424349035638,43.55416066259129,8.27539538528407,93.63995043081613
571,9.516666666666667,Normal,3.877034553468969,43.66961888648946,7.942738078721821,97.42090988349037
571.2,9.520000000000001,Normal,3.884542469688441,41.64645479286056,8.962720719494236,99.7960570443156
571.4,9.523333333333333,Normal,3.9050558071696044,41.147498282046136,7.220689527649508,100.6679915630956
571.6,9.526666666666667,Normal,3.852474715459426,43.06692320452586,8.94455837536458,97.90762373165153
571.8000000000001,9.530000000000001,Normal,3.8407536071209805,38.48952137618948,9.465635622397643,104.22820956149879
572,9.533333333333333,Normal,3.9381937683332096,40.38715147199375,8.486278692820987,94.79306944907752
572.2,9.536666666666667,Normal,3.815792989485858,38.58920678002563,8.665715517902084,97.17522692383507
572.4,9.54,Normal,3.8427402763576524,41.1524129792707,8.912577299340622,91.25313770584118
572.6,9.543333333333333,Normal,3.855124503333418,43.187821789654215,8.152838512562797,107.10724328179059
572.8000000000001,9.546666666666669,Normal,3.7350986384422376,42.97914646169206,8.7913190167067,97.01513332980167
573,9.55,Normal,3.8423404579406837,41.358512687435365,9.07373031542106,98.51470784874688
573.2,9.553333333333335,Normal,3.8224275825334804,44.0236010015851,8.768716900612114,102.26684236444943
573.4,9.556666666666667,Normal,3.7776461721414027,38.117058236565654,8.352000952949428,98.46430981747568
573.6,9.56,Normal,3.7749578452314827,46.384851644473976,8.753949425901007,97.55655103045507
573.8000000000001,9.563333333333334,Normal,3.7919157987039163,36.15448707383072,8.716575197952922,89.22945002744518
574,9.566666666666666,Normal,3.857203509781926,43.057301833383235,8.29082216505729,107.65005928335331
574.2,9.57,Normal,3.822381774338955,39.375415313472665,7.869584516727442,92.8126703436812
574.4,9.573333333333332,Normal,3.778573780553768,48.655618920361825,8.23026909588595,101.91515193119601
574.6,9.576666666666666,Normal,3.7915102069668056,38.60939884959899,8.6915877509406,91.90167517352423
574.8000000000001,9.580000000000002,Normal,3.8012763811760877,44.67568439786417,9.48988018700304,93.88975866829931
575,9.583333333333334,Normal,3.8441189606248183,41.67802456227863,8.514963671563127,100.65452987186461
575.2,9.586666666666668,Normal,3.903477590584542,42.47301154396535,8.691557360127144,94.4201176123396
575.4,9.59,Normal,3.842679348965913,42.838637168970756,9.092867351672693,91.68987344435202
575.6,9.593333333333334,Normal,3.865574729889062,44.85427031519237,7.158105850938031,103.30367357608826
575.8000000000001,9.596666666666668,Normal,3.8689688968819853,35.937086190340054,8.445573565890756,96.73091300569708
576,9.6,Normal,3.9284095340108434,44.174960481219536,8.371881834114337,100.02525519023297
576.2,9.6033333333333335,Normal,3.8250823064328627,43.6697632380265,8.195315756132759,97.54175058272789
576.4,9.606666666666666,Normal,3.855201855029986,37.27103489196212,8.888678901952007,107.77788786388597
576.6,9.610000000000001,Normal,3.883239532536492,37.32340758543863,9.046866755479428,110.92772051755355
576.8000000000001,9.613333333333335,Normal,3.831303337186581,40.62846527997572,8.401981998069838,98.43678707820551
577,9.616666666666667,Normal,3.8225556977757598,43.77452901680013,9.29428674362445,94.19387077314602
577.2,9.620000000000001,Normal,3.9414359016965714,40.67123707516916,8.528621164988223,98.78631183432456
577.4,9.623333333333333,Normal,3.8379208004144933,39.58056300404396,9.66464945574896,104.2402151468229
577.6,9.626666666666667,Normal,3.7965866511248945,37.386575799971524,7.6740029295770755,101.42722628962622
577.8000000000001,9.63,Normal,3.823900134683288,37.851998776206266,9.133321459014494,99.71153293395659
578,9.633333333333333,Normal,3.7889595291950533,40.58788016722234,7.9438880384867865,104.07323017596272
578.2,9.636666666666667,Normal,3.757710024414532,40.932353457951955,8.88885226554102,103.38538102373523
578.4,9.639999999999999,Normal,3.806022908653771,43.7610902344702,9.462176686619744,109.12038689469297
578.6,9.643333333333334,Normal,3.8411205458923305,37.14122160812572,8.757459352779966,107.92284493373772
578.8000000000001,9.646666666666668,Normal,3.848604308125058,38.918404776572274,8.388050829098848,104.02979854998706
579,9.65,Normal,3.7562947943452487,43.967708050499354,8.287393855752777,96.05843496953496
579.2,9.653333333333334,Normal,3.727007129533947,44.492666615081845,9.007891552228008,101.63288117082976
579.4,9.656666666666666,Normal,3.846021445706141,40.57408992675957,7.3794329966033345,88.55760431338902
579.6,9.66,Normal,3.823953007963474,43.04079034176855,8.604742329958057,100.89760027973833
579.8000000000001,9.663333333333334,Normal,3.7853053078417327,42.437970304101924,9.011257014088129,100.90572438785442
580,9.666666666666666,Normal,3.797077532842989,38.48150683479707,8.759600167254543,94.18631735560783
580.2,9.67,Normal,3.8006094470989966,40.08706876879645,7.694486082813516,97.92614178375605
580.4,9.673333333333334,Normal,3.853749583661618,45.99669199800333,8.990798171470928,101.09464002638087
580.6,9.676666666666668,Normal,3.8641170994243934,39.308803538476056,8.712746697030699,95.49599090899655
580.8000000000001,9.680000000000001,Normal,3.866179519298191,39.112928669002905,8.988560797101584,91.39259568317524
581,9.683333333333334,Normal,3.856611008512353,36.71079432404265,8.358962368062995,102.81263793918899
581.2,9.686666666666667,Normal,3.858439072046634,46.2621766993528,9.434570662361958,110.20129224520318
581.4,9.69,Normal,3.8721882230383846,41.32996832989651,8.567027453167494,96.70983701508524
581.6,9.693333333333333,Normal,3.871827579613643,40.67100647108265,8.323355427033137,99.31103519443114
581.8000000000001,9.696666666666667,Normal,3.8203306984611847,41.84232516010818,8.123450609479926,97.59844773301295
582,9.7,Normal,3.895572601364975,41.35240426503833,8.404540403586918,110.4736879197958
582.2,9.703333333333335,Normal,3.7976591528985137,40.5796641269349,7.249343003548871,99.57115259381284
582.4,9.706666666666667,Normal,3.7921827512542086,40.75719879103774,9.44759595665666,93.50414747020758
582.6,9.71,Normal,3.7778800117693683,43.25614190351502,9.364097866410795,100.25659174735965
582.8000000000001,9.713333333333335,Normal,3.8696379603429008,40.68320813807897,8.490497227774112,92.98092967596602
583,9.716666666666667,Normal,3.8174311712827036,42.94142799174553,9.012009130710204,102.62887357758163
583.2,9.72,Normal,3.7937442210883416,43.79427193538941,9.041193958340083,97.98069769272165
583.4,9.723333333333333,Normal,3.765142147061215,40.38376416681351,8.42202127565295,92.43589433053478
583.6,9.726666666666667,Normal,3.784981797438314,38.944772070535016,8.74139395875024,102.94853957008095
583.8000000000001,9.73,Normal,3.771507367982568,35.31346791933119,7.557793948893423,94.86001748286179
584,9.733333333333333,Normal,3.8359469765337217,39.49291576291298,8.770660404470462,107.43045773331525
584.2,9.736666666666668,Normal,3.8042746058737285,30.319052144763813,8.792931342665462,101.17476806616216
584.4,9.74,Normal,3.7517667936936845,44.90495138930541,8.248718587757098,106.28557602992672
584.6,9.743333333333334,Normal,3.766837089233799,40.25467714685222,8.408394234706083,96.10497585850138
584.8000000000001,9.746666666666668,Normal,3.837523687556951,45.524323390466655,8.522736926455995,95.62745243680669
585,9.75,Normal,3.795309406762474,50.39954649755151,8.233918101248085,94.78099273010324
585.2,9.753333333333334,Normal,3.839846658124655,40.26009470548889,8.471403020574195,101.32686172151926
585.4,9.756666666666666,Normal,3.8272359343240776,39.6100706824701,8.013464416706109,102.97319151360254
585.6,9.76,Normal,3.845563235616809,42.960435653995624,8.928654041812386,107.41146115411117
585.8000000000001,9.763333333333334,Normal,3.8625364281993875,42.58170090557778,9.352511918183804,98.95500078871683
586,9.766666666666667,Normal,3.89271579689642,42.07277286471799,8.956295557976565,101.47101547491812
586.2,9.770000000000001,Normal,3.865892067763643,44.890922506898896,7.668630347648523,99.34960217413838
586.4,9.773333333333333,Normal,3.86602332200635,44.53320869926973,9.099507315745571,98.8788964483371
586.6,9.776666666666667,Normal,3.8847362643252987,41.881036849018216,7.788579357237781,99.27387159287939
586.8000000000001,9.780000000000001,Normal,3.8575557806167073,40.77536620631134,8.733408558354743,98.26332203873167
587,9.783333333333333,Normal,3.8496799242726905,42.68793381412726,8.841797989952203,97.87534125964784
587.2,9.786666666666667,Normal,3.8364444848477417,46.86859173113365,9.10549521062927,96.27561238301178
587.4,9.79,Normal,3.8196897741258136,35.36641152351972,9.444794421789748,98.6634665005157
587.6,9.793333333333333,Normal,3.8687046598909154,42.57472118667641,8.540320071796907,90.71531296548896
587.8000000000001,9.796666666666669,Normal,3.7852493635711992,39.898445280022194,8.24648034159556,99.161376050267
588,9.8,Normal,3.7800047299740718,40.65863579344375,8.190994490090299,104.98105490556148
588.2,9.803333333333335,Normal,3.732169912857446,39.59318758182122,9.035064416969036,102.53091407730021
588.4,9.806666666666667,Normal,3.7453838679562237,38.21445825804963,8.950115441088581,87.1796619003759
588.6,9.81,Normal,3.7638627368088637,39.499619699856765,8.897469587002474,97.3037441032681
588.8000000000001,9.813333333333334,Normal,3.8052531685121065,46.99430510908583,8.328966824221077,96.03058441026846
589,9.816666666666666,Normal,3.776783952782798,38.487458793632015,8.293727454528762,98.24006402379943
589.2,9.82,Normal,3.7861746550457056,40.649206317835706,8.905881265749239,102.66733761401343
589.4,9.823333333333332,Normal,3.7850135323042187,37.697600500193445,7.662638496390172,88.42611636536246
589.6,9.826666666666666,Normal,3.7788578461354807,45.0159323967182,9.523140433799568,98.54472615334694
589.8000000000001,9.830000000000002,Normal,3.8092045119658207,45.25161145877786,8.309872938406246,97.22528007125673
590,9.833333333333334,Normal,3.8196265988443963,43.502645046361884,8.964862941556571,101.6485781018894
590.2,9.836666666666668,Normal,3.86546308819142,45.09408356696321,7.557619106356092,108.45038532346386
590.4,9.84,Normal,3.8599294741851193,37.20413329775959,8.780541444289886,103.55056682453264
590.6,9.843333333333334,Normal,3.857603326453114,45.28623029534142,8.497159883035463,99.41282127326384
590.8000000000001,9.846666666666668,Normal,3.8391009786340824,46.25194967357926,8.789276516908616,94.49818800112432
591,9.85,Normal,3.8155657541488006,43.02637638842894,8.090756388621491,105.29938619697427
591.2,9.8533333333333335,Normal,3.8783798129995644,45.04882283361065,9.05681160680384,99.75416891166898
591.4,9.856666666666666,Normal,3.8223918454335735,39.6219778100279,8.224815120850085,93.40785657759541
591.6,9.860000000000001,Normal,3.8345532251806573,44.36113459363354,7.704664432302161,101.73870302379908
591.8000000000001,9.863333333333335,Normal,3.850344274013699,36.78159040459098,7.669309741643594,97.03068761261056
592,9.866666666666667,Normal,3.890599116467382,41.76386242650644,8.50501013672424,105.37365653778923
592.2,9.870000000000001,Normal,3.877205411944265,41.9277410544416,7.982807357574674,99.74036334460311
592.4,9.873333333333333,Normal,3.8126294905632956,41.80274002048863,8.462213676162161,101.51296004580259
592.6,9.876666666666667,Normal,3.8640141922379865,42.16347735045796,8.98307322079847,98.74808768205841
592.8000000000001,9.88,Normal,3.8801893906872715,42.089980679516636,8.331955358859913,104.045669177505
593,9.883333333333333,Normal,3.792203017899787,37.32343735098456,8.470485390227045,105.05128614229622
593.2,9.886666666666667,Normal,3.7974425905913733,36.66270798652838,8.698230164845107,95.8412051290817
593.4,9.889999999999999,Normal,3.7873755950497516,37.46369243237239,8.74084543266486,93.26177584502827
593.6,9.893333333333334,Normal,3.8168585180602927,37.29462082465138,8.705205226970332,93.66844974446195
593.8000000000001,9.896666666666668,Normal,3.7311023495774993,41.450793631454694,9.217079702650102,97.38935114457239
594,9.9,Normal,3.7693555303725317,39.07346922731705,8.039092450231523,101.57418711891731
594.2,9.903333333333334,Normal,3.7789772997675466,40.44926373520022,8.011898120817005,100.00792074521401
594.4,9.906666666666666,Normal,3.831589168982445,40.14554970966344,7.998505661699586,105.04233934852493
594.6,9.91,Normal,3.8202698429220616,38.37637081425257,7.931443454149288,108.00809407258323
594.8000000000001,9.913333333333334,Normal,3.7830145054921305,41.802338649911135,9.279654408723191,99.08049988670014
595,9.916666666666666,Normal,3.8117070846372676,41.66506851674986,8.061903922158093,104.96042842742915
595.2,9.92,Normal,3.8805874552685036,40.22982244142563,8.234216454010785,91.83711290592638
595.4,9.923333333333334,Normal,3.8254214372690942,43.36297278197424,8.39777804516025,105.79531679048682
595.6,9.926666666666668,Normal,3.854975955299451,43.12387067236076,8.971209824172398,99.45657308947725
595.8000000000001,9.930000000000001,Normal,3.9095652819814326,39.56159184172659,9.001468398467793,104.04003921435064
596,9.933333333333334,Normal,3.869919847826463,39.17825297245624,7.570742972259005,100.86262263965766
596.2,9.936666666666667,Normal,3.865412213820661,45.032190980476436,9.009170664903682,104.65123505093919
596.4,9.94,Normal,3.8285317598797395,48.06528734336323,8.279374487768807,96.31142173954348
596.6,9.943333333333333,Normal,3.871684412042099,39.32245124745265,8.903824350357432,100.13164253679294
596.8000000000001,9.946666666666667,Normal,3.889368813929052,44.77952638079281,8.107831436843755,98.70201527520595
597,9.95,Normal,3.8497385529007264,44.538229491477175,8.336804852084779,95.53892651624355
597.2,9.953333333333335,Normal,3.8283865635047567,43.72598701478047,8.716802107434816,94.74993178241652
597.4,9.956666666666667,Normal,3.806226690062858,46.26104850502424,8.31525753383445,100.83388914034235
597.6,9.96,Normal,3.810592397146317,42.317904500516015,8.390896001421197,102.95878847651193
597.8000000000001,9.963333333333335,Normal,3.8373967360271584,39.30721317039609,9.300666197230578,96.86049816430533
598,9.966666666666667,Normal,3.8010825485520474,41.473561651658365,7.538542579394327,100.98979429172417
598.2,9.97,Normal,3.828810678199787,42.40726166221557,7.7660140014227625,100.28942644593238
598.4,9.973333333333333,Normal,3.8119868335432434,37.67708658820061,8.863141369506028,98.24230659887434
598.6,9.976666666666667,Normal,3.768472983575065,43.97004049325406,8.810646640411187,95.42241122992
598.8000000000001,9.98,Normal,3.7617405709670875,38.23524952702504,9.98406159382677,100.48080405612913
599,9.983333333333333,Normal,3.7899643802363796,40.16060764431136,7.894247460604379,100.95075851243782
599.2,9.986666666666668,Normal,3.799466017783238,42.96290137018734,8.33860311179095,98.42884028553219
599.4,9.99,Normal,3.7588223741152516,43.71888451074155,8.900731478625623,104.24945443957631
599.6,9.993333333333334,Normal,3.7746312241298305,45.395384500221276,8.303354049196685,107.36054974307864
599.8,9.996666666666666,Normal,3.8123935157835738,39.66188676311091,8.385367598923192,98.88110047678862
